Text,Lable,Social dependency
中国的高房价，毁灭了年轻人的爱情,0
去年下半年公开发表的一个观点。现在房价高带来很多问题，涨是不能再涨了，但是也不能降太厉害，否则银行受不了。那怎样才能让房价保持现有水平，又让大家觉得房价原来这么便宜，大部分人都买得起呢？有些事件，可能要站在更远的时间轴上回望才能看得清。 ,0,forward:中国的高房价，毁灭了年轻人的爱情
房价应该让市场去决定，我认为政府应该多建安居房，政府把卖地的钱多配套公共设施和公共资源的分配,0,forward:中国的高房价，毁灭了年轻人的爱情
黄世仁可能让杨白劳轻轻松松的生活嘛,1
就想知道牛肉300一斤的时候，工资多少？钱哪里来？印吗？印完了全国人民每人按户口发？,1
工资不涨，你说的都白搭,1
月薪5万 谁给你发工资,1,forward:中国的高房价，毁灭了年轻人的爱情
废青不就是高房价的社会戾气品,0
以目前的状况看我们的房价很坚挺了，是我们的特色,1
利益相关方不会支持，购房者和房东也不会支持，看能阻挡多久,0
这样说的就是不懂经济，一旦其它物价与房价脱离太多，会怎么样？很多房地产开发商会转行到利润高的行业，房产供应减少，房价上涨,0
会不会因为人民手中有钱了然后物价也跟着上涨水涨船高意思,0
可以接受直截了当的爱和恨，但很难，甚至接受不了撒谎。人生匆匆数十载，大家最后都是一捧黄土，希望都能多说实话。不要骗别人，更不用骗自己。活得轻松一点。,0
这月供，我看着害怕……,0
只能怪真的太像假的，假的又太像真的。,1
差异可能是大家对刚需的定义不同，再就是不知道一到中年各种需要钱和精力。没个东西打底日子会很难,0
老老实实买吧，异想天开不得行哦,1
坚持你自己，又少一个人抢房,1,forward:中国的高房价，毁灭了年轻人的爱情
废青不就是高房价的社会戾气品,0
等房价回调？哪次说回调结果还不是蹭蹭往上窜啊！中国人口这么多，刚需似乎是永恒……,0
对，不要买，房价以后就像买根葱那么便宜的,1,forward:中国的高房价，毁灭了年轻人的爱情
废青不就是高房价的社会戾气品,0
啥时候到了，我用葱跟你换房子！,1
说出了多少90后的心声，愿现实善待我们,0,forward:中国的高房价，毁灭了年轻人的爱情
废青不就是高房价的社会戾气品,0,forward:中国的高房价，毁灭了年轻人的爱情
废青不就是高房价的社会戾气品,0
成都房价很低，房租很低！,0
权贵资本主义现状不改，年轻人就难有希望。年轻人没有希望，经济前景就好不起来,0
丝毫不差的说出了我们的心声啊，98年今年刚毕业，没有空想什么理想，能养活自己已经是万幸了,0
刚看完租房信息，然后看到这个视频，我为啥要留在成都，连自己想租的房子都租不起，连搬家的勇气都没有,0
工作两年多，只能用不要执着于一个房子来安慰自己，安慰自己租房子也可以过一辈子，可是，我们不执着，家长执着，并且将房子这座大山压在婚姻和未来上……生活并没有给我们太多选择，只有努力，如果不努力，就真的没希望了，我们，得活着啊,0,forward:中国的高房价，毁灭了年轻人的爱情
废青不就是高房价的社会戾气品,0
太扎心了，以前目标就是买房，后来放弃了因为买不起，现在就想买个20平的，有个窝就行,0,forward:中国的高房价，毁灭了年轻人的爱情
废青不就是高房价的社会戾气品,0
写得太贴近现实啦……句句说到心坎里,0
一年工资都不够一年涨幅，怎么买房,0
这是一个让人害怕中年危机的时代，谈及梦想却总让人急功近利，却总是有人在劝你，年轻人，别着急！,1,forward:中国的高房价，毁灭了年轻人的爱情
废青不就是高房价的社会戾气品,0
同是90后，已经靠自己的双手买房了,1,forward:中国的高房价，毁灭了年轻人的爱情
废青不就是高房价的社会戾气品,0
我能说什么，我住的这里人口几百万造房已经是这几百万人的两倍啊，但是房价不降反而还在继续涨。看看现在的工资，经济没背景的我，一个宝宝的我，连买房的首付都难啊,0
没有父母的援助，年轻根本不可能买得起房子，所以现在的婚姻更讲究门当户对，因为大家都输不起,0,forward:中国的高房价，毁灭了年轻人的爱情
废青不就是高房价的社会戾气品,0
其实很多年轻人觉得不买房也可以好好过生活 奈何大环境下和来自周边人的压力 普遍的 又有多少人一辈子都压在了一套房子人上,0,forward:中国的高房价，毁灭了年轻人的爱情
废青不就是高房价的社会戾气品,0
每一句话都是我无处安放的焦虑,0
先买房。房子不会跟我分手，不会跟我离婚。恋爱了，分手了啥也没有还一身伤，结婚再买房，离婚还得分人家一半,1
房奴真的多,0
这么多人买房，韭菜一茬接一茬的噶,1
一个投资房产朋友，面对这5年来的行情，悲怆地感慨到：“ 每当我找到投资买房的钥匙，就有人把锁给换了！” ​,1,forward:中国的高房价，毁灭了年轻人的爱情
废青不就是高房价的社会戾气品,0
大哥可能微博看多了，因为好多女的经常说“孩子跟我姓的话我就买房”,1
真的感觉很多空房子 可是想买个好点的别墅住 又要五百多万 太贵了,1
房子是很多，核心地段、好地段的不多啊,0
他已经完成资产转移了～比二王潇洒～现在想说什么就什么～,1
什么叫够住？怎么统计的 按一人2平方？,0
不会的。因为大部分很快就会倒了。 开发商不傻的。,0
当然不同了，你如果要做生意或者资金周转，能抵押到五百万和一千万区别不大吗,0
信他就完了，买房兴邦兴己,0
潘石屹也说过。那是在2015年的一个脱口秀节目上，劝年轻人不要买房。不过，2015年后“没有上涨基本面”的房价，又狠狠地涨了一波。那些没买房的年轻人，又错过了暴涨前的末班车。,0
他这个“够住”是什么概念？人均五个平方还是五十平方？富人家人住几千平方的大房子，能平均不少人呢,0
所以这就需要政府提供一个交易平台，现在什么都联网了，什么信息不知道,0
信你个锤子。人家欧美大地买房是给自己家族拓展产业积累财富，你买的只有70年使用权。,0
不离场的你看看什么下场了。,0
并管人干了啥，胜利大逃亡也好，完美撤退也罢，反正这二人是不看好房市。以他们成功规避风险的眼光，其实他们的行为，与告诉你股市内幕交易一个道理。跟吗？,0
看到行情不好，你不得抛售资产呐？难道还等着跌破收购价？正常操作逻辑而已，有什么值得喷的,0
我真的不懂，这些二五八万的人成天说跌房价，就算真跌了，难受的也只是炒房者，正常老百姓房子都自己住的，你再跌或者再涨，也是自己住而已,0
位置学区配套物业好的小区抗跌属性好点。其他房子真正跌起来可能没底线。,0
在线教育就是干死学区房的利器,0
南京就是一个二线城市，不像一些兼并其他县市刷GDP的城市，有自知之明，也不会不是一线非要往一线挤。,0
很多地方是房价高了，拉个县城进来摊簿，继续涨，再拉个进来，再摊算，再拉，哈哈哈，没涨啊,1
南京资金密度高，是一个气势磅礴的大城,0
从长期持有角度看，第二类投资价值最大，因为你与城市同成长，必将收获城市能级提升带来的城运红利。,0
厦门是控地，现在有点慌了。不过盘子小，架不住闽商购买力啊,0
请问一下从供求关系入手，是因为一线城市的需求更多还是供应饱和？ 二线省会城市是不是通过这种方式刺激经济增长？,0
我觉得一城一策是远远不够的，最好是一房一策，哈哈,1
其实北上也是通过减少供应量来维持的。看看郊区，哪怕是城市边缘，大量的农田和土地。中国城市经营，顶层设计学的就是香港。,0
他的话要反着听,1
那你买吧 有卖不出的时候,1
马上房价腰斩，早卖换钱！,1
是的，一定要坚信房价一定越来越高，经济越来越好,1
房价年年说，年年涨,1
哈哈哈哈哈房价十年前就说跌,1
一线城市不会降，配置不好的城市肯定会降,0
没想多啊，关注房地产你就知道了。二三线城市房地产反应比一线慢啊,0
近两年都跌，你说年年涨是不是活在童话里?,1
看看上世纪的日本东京的房价,0
既然这么说咱也要求不高 把我一线城市周边垃圾房给我翻一番好吧,我想感受红利,1
一线城市肯定跌不了，其他的就不好说了,0
这个货真是墙头草随风倒啊，事后诸葛亮。,1
马光远提出“三个20%”的原则：只有20%的开发商会活下来、只有20%的城市住房具有投资价值、只有20%的楼盘才值得买。这个观点印象深刻,0
没错，当年被我硬核证据打脸，恼羞成怒,0
我来翻译一下:没钱了，经济不涨了，房子过多了，钱贬值了，m2过高了，人口出生太少了，外资撤走,0
前段时间还有不少人说猪肉价格稳定了，结果又接着涨了8元,1
对 涨价与否不是咱们可以决定的,0
不要想这么多，需要就买，不需要就不买。,0
放屁！赶紧买房吧，房价一定会涨的。,0
反正我不会解盘的，干嘛把自己一辈子套在一套房子上,0
醒醒吧，九零后，零零后不会接盘，接盘的只有没房子的农村人，但要么没钱，要么有别墅,0
中国房产是信仰，房产会一直涨！,1
中国人焦虑症没有改变,0
放开限购限售试试？,0
放开限售的结果就是九十年代的北海，地板价，但你也买不起,0
马总，北京房子囤了不少吧？,1
大城市和省会城市的房子，依然上涨，依然是投资的最好选择之一。买房要趁早，早买就是赚。,0
北京 上海的中介调研下,0
其实也算是一个泡沫了吧，能抓住这点泡沫也还是不错的，看你家的需求了,0
真的不能吧房子当投资，买了要转卖不容易,0
我们国家特色就是一堆专家附和政府说话，然后闷声发财,1
尽在不言中,1
呵呵，马大师半年前还在猛烈抨击限购限售措施（我也觉得不合法但也算是有效的措施），认为房价还能持续上涨。。。,1
说这话就像预测股市上涨一样，左右逢源，怎么解释都有理,1
之前史诗级上涨，现在历史级上涨？,1
呵呵，砖家！,1
对房地产如此变态违法大肆违约的的调控，哪个死企看到不是心惊肉跳，经济怎么可能好,0
好像供大于求了,0
要回归收入和房租,0
房子不是太多了吗？经济学家,1
如果平衡为什么还要限购？实际上房子是稀缺资源。长期上涨是必须的,0
中国的经济学家，哈哈,1
这么用史诗这个词也不多见。,1
马光远不是砖家,0
我怎么觉得很重要的一条您没说呢，货币化安置呢？这个不才是推动2017年以后房价上涨的原因吗？,0
可能推行起来也不会下降,0
应该说，有钱买就买，没钱买不涨价你也买不到。,0
请先降下来再说,0
超发不止，房价不已,0
这评论我看了！看样子房子跌啦！有些人真能疯喽！！但是还要面对现实啊！房子只要供大于求，没有啦投资炒作的赚钱空间！跌是早晚的事！！,0
可惜我依然买不起房,0
这货隐退一段时间之后，风格大变,0
只要不跌，说了等于没说，，，，，夜壶继续用,0
地方那啥怎么办？手里的房子怎么尽快出手？,0
降价的风险太高，房子跟一般的商品不同。百姓只接受涨不接受降。最新一套人民币已经在市场上流通了。这预示着，货币贬值，钱越来越多，钱越来越不值钱，80年前的民国时期有一碗面卖3500元。,0
史诗上涨年代早终结了，现在持续三年都是政策刺激下波形荡漾,0
总结的比较全面,0
他的话要反着听,1
史诗级涨价虽然已经结束了，但是后面还有高级涨价，中级涨价，低级涨价，缓慢级涨价,0
算了下以我们这400万一套的房子，我不吃不喝还到退休应该就够了……不过我还得顺便准备儿女的房子首付。。。。,0
三四线城市跌是肯定的，毕竟，之前的房价虚高了。一线城市没有跌的空间。,0
你的意思说，我的房子要大跌了？··那我找谁去？,0
希望继续涨到北上广深1平米，30万起步，这样大家都能快乐回老家了，污染那么厉害，还削尖脑袋去,0
现在房价确实是不会涨了，再涨就要破了,0
房价主要取决于人口公家，无需求一切都是泡沫！,0
什么时候网红开始卖房，大家就能随随便便买得起房子了,1
二十年前一天工资能买三斤肉，现在一天工资能买五斤肉。 二十年前一个月工资能买一平方米房，现在三个月工资未必能买一平方米房。 没有对比就没有伤害。,0
那时五千点的股票在CCTV财经说 才刚开始在半山腰也是你,1
房产永远也不会降价 如果降价会有很多人以死相逼,0
那你卖掉啊，拿一对现金啊，如果你这么做了，你再出来教人吧,0
你要是愿意卖房子自己租房子住我就信你,1
说的是结束了史诗般上涨。。没说没有缓慢上涨,1
这次他说的没错，但除了一线城外。,0
马云的八年后房价如葱就要到来了吗？,1
有比史诗更古老的词吗,1
天天说天天涨！所以砖家都是狗屁！,0
啥也不懂，渣渣，房价可能不涨吗？,0
供需基本平衡？？？不是说现在的房子能住40亿人吗？到底谁在说谎？,0
对地产预测最不准的经济学家之一,0
任何分析在一纸文件面前都是惨白无力的,0
当了网红的经济学家，都是骗子！！！,0
刚需还有很多，但现在这个价位大多数人根本就买不起！,0
看看猪肉吧,0
卖完就涨,1
朋友圈卖房的中介朋友，几乎每天都在发图调价通知，每平米上调100元,0
把限购取消了试试呗，看看真实的市场是个啥样。,0
决定房价的是市场需求,0
是的 相对猪肉鸡肉蔬菜水果等物价来说 确实没怎么涨,1
砖家一张嘴，人民累断腿！房价不怎么涨，工资也不怎么涨，还是买不起,0
如果所有人都在唱跌，连扫地大妈都知道要跌，那就是新一轮暴涨的时候,0
经济学家一般爱炒股,0
我天天在地产中介贴广告的玻璃橱窗前路过，从前年来北京的房价一直在微跌。,0
那你放开限购限价试试。房地产马上走向两极分化，一线依然抢手，三四线暴跌,0
看看香港，高房价造就产业空心化，没见过高房价之下转型的国家，年轻人失去希望，参见香港，只不过内地年轻人更多的选择了佛系,0
物价上涨百分之百，房价现在盘整就已经相当于降价百分之五十了，但是房子抗通胀啊，买房吧，少吃肉,0
供求关系在这摆着，二手房市场挂的那些现在根本就很难消化掉，觉得还能暴涨的，要不你去给国家把这些都清一清，老百姓买不起了,0
哼，一派胡言！房价还是永远涨,0
我就想知道猪肉什么时候便宜  要不然我只能吃牛肉了,1
此人马后炮多年，17年以前是个楼市死空头，长年在央视2套经济评论唱空楼市，17年以后，应该是没人关注了，开始高位唱多楼市,0
说是这么说，那些贷款买房的人，如果房价涨得不如贷款利率高，估计就有信任危机了,0
这东人就是典型的拍马屁的。这6条理由都与房价有关，也就是说以前的政策中这6条都是有问题的。但房价这么快的上涨，与限制土地，抬高地价的关系最大。说白了，房价完全就是一个政策价。,0
这事说了10几年，也涨了十几年,1
错过了史诗般的暴富机会啊,1
买房子永远是普通家庭的痛。………,0
房价确实跌了，我自己的房子现在的价格比最高时期跌去12.7%。我在上海宝山中心区，我不信上海其他区的房子还会涨。,0
居住在世界上最高物价的城市是财富积累的最大阻力。目前中国物价最高的城市是哪里？ ​,0
这世间，最可贵的不是喜欢与迷恋，而是珍惜与懂得。,0
坐着说话不腰疼，那时自给自足，现在呢？,0
老曹的完整讲话很有意思。他用猪肉涨价做铺垫，说该涨就让它涨，然后又说企业该倒闭就让它倒闭，而不是企业家借高利贷或者政府胡乱投钱。我以为是老曹对政府的劝诫用心良苦。,0
请问1978年中国房子多少钱一平米？,1
哪里有工资平均7000多了,0
即使工资真的都达到7000了，照老曹的逻辑，物价也同比增长，我们生活水平得啥样？重回一年吃一次肉，每天窝头咸菜？,0
这就是混账逻辑了，恩格尔系数就应该随着社会发展而降低，不然社会发展还有什么意义,0
老曹这就扯淡了，70年代猪肉7毛一斤吧，不过凭肉票供应，每人每月半斤。,0
为什么涨价心里没点逼数，这是人祸,0
什么都是都是等倍的涨，那不就还是1978年的生活水平,0
生猪卖的一点不贵，中间商赚了很多，养殖户很苦的,0,comment:@人民网 【农业农村部回应猪肉价格上涨：生猪生产将逐步恢复】近期猪肉价格持续高位运行，受到各方高度关注。农业农村部市场与信息化司、畜牧兽医局有关负责人31日表示，这轮猪价上涨是非洲猪瘟疫情与周期性因素叠加的结果，当前肉类供应有保障，生猪生产将逐步恢复。（新华网）
然而我们这边好像没有降价的意思,0,comment:@人民网 【农业农村部回应猪肉价格上涨：生猪生产将逐步恢复】近期猪肉价格持续高位运行，受到各方高度关注。农业农村部市场与信息化司、畜牧兽医局有关负责人31日表示，这轮猪价上涨是非洲猪瘟疫情与周期性因素叠加的结果，当前肉类供应有保障，生猪生产将逐步恢复。（新华网）
其它所有相关不相关产品都跟着猪肉涨价了，猪肉涨价只是个噱头，是为了一轮全面涨价！猪肉价格回落，涨价的也不会回落的！,0
昵称跟你很配,1
你是觉得猪肉在市场上是独立出来的吗？新古典主义经济学没看过吗？没看过就去看看法国经济学家Walras的一个理论，general economic equilibrium，翻译过来就是总体经济均衡。,0
为什么要全面涨价？拿民生问题开玩笑,0,comment:@人民网 【农业农村部回应猪肉价格上涨：生猪生产将逐步恢复】近期猪肉价格持续高位运行，受到各方高度关注。农业农村部市场与信息化司、畜牧兽医局有关负责人31日表示，这轮猪价上涨是非洲猪瘟疫情与周期性因素叠加的结果，当前肉类供应有保障，生猪生产将逐步恢复。（新华网）
猪肉50块一斤 牛肉它不香吗,1,comment:@人民网 【农业农村部回应猪肉价格上涨：生猪生产将逐步恢复】近期猪肉价格持续高位运行，受到各方高度关注。农业农村部市场与信息化司、畜牧兽医局有关负责人31日表示，这轮猪价上涨是非洲猪瘟疫情与周期性因素叠加的结果，当前肉类供应有保障，生猪生产将逐步恢复。（新华网）
不要忽略了卖牛肉的人也想吃猪肉这个细节,1,comment:@人民网 【农业农村部回应猪肉价格上涨：生猪生产将逐步恢复】近期猪肉价格持续高位运行，受到各方高度关注。农业农村部市场与信息化司、畜牧兽医局有关负责人31日表示，这轮猪价上涨是非洲猪瘟疫情与周期性因素叠加的结果，当前肉类供应有保障，生猪生产将逐步恢复。（新华网）
老百姓心里最清楚，谁买谁知道,0,comment:@人民网 【农业农村部回应猪肉价格上涨：生猪生产将逐步恢复】近期猪肉价格持续高位运行，受到各方高度关注。农业农村部市场与信息化司、畜牧兽医局有关负责人31日表示，这轮猪价上涨是非洲猪瘟疫情与周期性因素叠加的结果，当前肉类供应有保障，生猪生产将逐步恢复。（新华网）
犹记得2008年猪肉上涨的场景，“专家”说会回落，结果一去不复返，房价也猛涨起来。,1,comment:@人民网 【农业农村部回应猪肉价格上涨：生猪生产将逐步恢复】近期猪肉价格持续高位运行，受到各方高度关注。农业农村部市场与信息化司、畜牧兽医局有关负责人31日表示，这轮猪价上涨是非洲猪瘟疫情与周期性因素叠加的结果，当前肉类供应有保障，生猪生产将逐步恢复。（新华网）
然而并没有，不能因个别部分地区降价就说全国价格回落，这是掩耳盗铃,0,comment:@人民网 【农业农村部回应猪肉价格上涨：生猪生产将逐步恢复】近期猪肉价格持续高位运行，受到各方高度关注。农业农村部市场与信息化司、畜牧兽医局有关负责人31日表示，这轮猪价上涨是非洲猪瘟疫情与周期性因素叠加的结果，当前肉类供应有保障，生猪生产将逐步恢复。（新华网）
猪肉这么贵，这个冬天怎么过?香肠哪里整?腊肉哪里搞?你让萝卜跟谁炖?粉条怎么想?土豆多闹心，腌好的梅菜干往哪扣?往哪扣?!,1,comment:@人民网 【农业农村部回应猪肉价格上涨：生猪生产将逐步恢复】近期猪肉价格持续高位运行，受到各方高度关注。农业农村部市场与信息化司、畜牧兽医局有关负责人31日表示，这轮猪价上涨是非洲猪瘟疫情与周期性因素叠加的结果，当前肉类供应有保障，生猪生产将逐步恢复。（新华网）
这个部长下过基层做过调研吗？,0
我们这里不仅猪肉涨价，鸡肉鸭肉都涨了,0
哪里降了？明明还在涨啊，猪肉都吃不起了，每每看到就望而却步,0,comment:@人民网 【农业农村部回应猪肉价格上涨：生猪生产将逐步恢复】近期猪肉价格持续高位运行，受到各方高度关注。农业农村部市场与信息化司、畜牧兽医局有关负责人31日表示，这轮猪价上涨是非洲猪瘟疫情与周期性因素叠加的结果，当前肉类供应有保障，生猪生产将逐步恢复。（新华网）
天天讨论猪肉  你们有考虑过猪的感受吗？！ 天天想法儿吃人家,0,comment:@人民网 【农业农村部回应猪肉价格上涨：生猪生产将逐步恢复】近期猪肉价格持续高位运行，受到各方高度关注。农业农村部市场与信息化司、畜牧兽医局有关负责人31日表示，这轮猪价上涨是非洲猪瘟疫情与周期性因素叠加的结果，当前肉类供应有保障，生猪生产将逐步恢复。（新华网）
鸡肉鸡蛋都涨价了，现在只能吃鱼肉。。。,1,comment:@人民网 【农业农村部回应猪肉价格上涨：生猪生产将逐步恢复】近期猪肉价格持续高位运行，受到各方高度关注。农业农村部市场与信息化司、畜牧兽医局有关负责人31日表示，这轮猪价上涨是非洲猪瘟疫情与周期性因素叠加的结果，当前肉类供应有保障，生猪生产将逐步恢复。（新华网）
来吃鱼吧，经济实惠，还不长胖。,1,comment:@人民网 【农业农村部回应猪肉价格上涨：生猪生产将逐步恢复】近期猪肉价格持续高位运行，受到各方高度关注。农业农村部市场与信息化司、畜牧兽医局有关负责人31日表示，这轮猪价上涨是非洲猪瘟疫情与周期性因素叠加的结果，当前肉类供应有保障，生猪生产将逐步恢复。（新华网）
不降就真的撑不住了，来说说你们那儿猪肉平均都卖到多少元一斤了？,0,comment:@人民网 【农业农村部回应猪肉价格上涨：生猪生产将逐步恢复】近期猪肉价格持续高位运行，受到各方高度关注。农业农村部市场与信息化司、畜牧兽医局有关负责人31日表示，这轮猪价上涨是非洲猪瘟疫情与周期性因素叠加的结果，当前肉类供应有保障，生猪生产将逐步恢复。（新华网）
回家开个农场养猪,1,comment:@人民网 【农业农村部回应猪肉价格上涨：生猪生产将逐步恢复】近期猪肉价格持续高位运行，受到各方高度关注。农业农村部市场与信息化司、畜牧兽医局有关负责人31日表示，这轮猪价上涨是非洲猪瘟疫情与周期性因素叠加的结果，当前肉类供应有保障，生猪生产将逐步恢复。（新华网）
都是进农贸市场买菜，超市太贵了,0
涨10块回落1块，回落幅度蛮大的。,1,comment:@人民网【农业农村部回应猪肉价格上涨：生猪生产将逐步恢复】近期猪肉价格持续高位运行，受到各方高度关注。农业农村部市场与信息化司、畜牧兽医局有关负责人31日表示，这轮猪价上涨是非洲猪瘟疫情与周期性因素叠加的结果，当前肉类供应有保障，生猪生产将逐步恢复。（新华网）
的确没有上涨的动力了，不过将会继续高位是真的，毕竟生猪存栏量不够,0
慢慢降。等之后又降到十来块，我一定要抱着猪肉睡,1,comment:@人民网 【农业农村部回应猪肉价格上涨：生猪生产将逐步恢复】近期猪肉价格持续高位运行，受到各方高度关注。农业农村部市场与信息化司、畜牧兽医局有关负责人31日表示，这轮猪价上涨是非洲猪瘟疫情与周期性因素叠加的结果，当前肉类供应有保障，生猪生产将逐步恢复。（新华网）
狗头都保不住你，这层都是老年人，不要在社会新闻底下开玩笑吧，真的蛮难的，有代沟,0
真的已经回了，最起码从70多买两斤五花肉，到现在的40多可以买两斤了。,0
请问，随着猪肉涨价而涨起来的物价怎么办？,0,comment:@人民网 【农业农村部回应猪肉价格上涨：生猪生产将逐步恢复】近期猪肉价格持续高位运行，受到各方高度关注。农业农村部市场与信息化司、畜牧兽医局有关负责人31日表示，这轮猪价上涨是非洲猪瘟疫情与周期性因素叠加的结果，当前肉类供应有保障，生猪生产将逐步恢复。（新华网）
别再拿钱去养国足了，拿这些钱去养猪吧,1
一下子降太多会遭到哄抢的，到时候供不应求，又会造成市场混乱，慢慢回落才是最科学的,0
楼主撑住，这层有些人都是老年人，智商退化的那种,0
跟油价一个套路，涨十元降一元，这几个月老百姓多消费的钱哪去了？是不是需要一个交代啊,0
今天我妈做饭还说猪肉便宜了，只要26一斤了，我：！！？然后她说上周还30呢，今天一口气买了50块钱的，还挺划算。我…,1
我要是政府 养活一群你这样自私自利的人 我真的要寒心死,0,comment:@人民网 【农业农村部回应猪肉价格上涨：生猪生产将逐步恢复】近期猪肉价格持续高位运行，受到各方高度关注。农业农村部市场与信息化司、畜牧兽医局有关负责人31日表示，这轮猪价上涨是非洲猪瘟疫情与周期性因素叠加的结果，当前肉类供应有保障，生猪生产将逐步恢复。（新华网）
猪：一定要把我跟足协比么,1
都说本命年得有点啥，以为只有人这样，原来猪也如此,1,comment:@人民网 【农业农村部回应猪肉价格上涨：生猪生产将逐步恢复】近期猪肉价格持续高位运行，受到各方高度关注。农业农村部市场与信息化司、畜牧兽医局有关负责人31日表示，这轮猪价上涨是非洲猪瘟疫情与周期性因素叠加的结果，当前肉类供应有保障，生猪生产将逐步恢复。（新华网）
一直在养猪啊，只是不供食用罢了,1,comment:@人民网 【农业农村部回应猪肉价格上涨：生猪生产将逐步恢复】近期猪肉价格持续高位运行，受到各方高度关注。农业农村部市场与信息化司、畜牧兽医局有关负责人31日表示，这轮猪价上涨是非洲猪瘟疫情与周期性因素叠加的结果，当前肉类供应有保障，生猪生产将逐步恢复。（新华网）
我觉得你说得对，他们踢得烂，还不能让人说啊，真不如养猪呢,0
想想国足能给战乱中颠沛流离已经国将不国无家可归的叙利亚人一些快乐，也算是中国队存在的价值,1
恕我直言，事实上国足不靠国家养,0
其实不是我们养国足…是国足养其他的体育项目,0
足球是挣钱项目。。。女排的钱都是足球赚来养的。,0,comment:@人民网 【农业农村部回应猪肉价格上涨：生猪生产将逐步恢复】近期猪肉价格持续高位运行，受到各方高度关注。农业农村部市场与信息化司、畜牧兽医局有关负责人31日表示，这轮猪价上涨是非洲猪瘟疫情与周期性因素叠加的结果，当前肉类供应有保障，生猪生产将逐步恢复。（新华网）
你想多了，国足并不需要国家养，相反中国足球养活着很多很多的冷门体育项目，这个社会永远都是出谋划策者少之又少，看热闹编段子冷嘲热讽者到处都是。,0
兄弟 北大还是清华你选一个,1,comment:@人民网 【农业农村部回应猪肉价格上涨：生猪生产将逐步恢复】近期猪肉价格持续高位运行，受到各方高度关注。农业农村部市场与信息化司、畜牧兽医局有关负责人31日表示，这轮猪价上涨是非洲猪瘟疫情与周期性因素叠加的结果，当前肉类供应有保障，生猪生产将逐步恢复。（新华网）
国足不是国家养的，国足踢的不好但是赚钱，而且还养其他体育项目。喷也要找对重点……,0
都是养猪罢了,1,comment:@人民网 【农业农村部回应猪肉价格上涨：生猪生产将逐步恢复】近期猪肉价格持续高位运行，受到各方高度关注。农业农村部市场与信息化司、畜牧兽医局有关负责人31日表示，这轮猪价上涨是非洲猪瘟疫情与周期性因素叠加的结果，当前肉类供应有保障，生猪生产将逐步恢复。（新华网）
农业部：说家猪呢，扯啥国猪，那国猪也不归咱部门管呀,1,comment:@人民网 【农业农村部回应猪肉价格上涨：生猪生产将逐步恢复】近期猪肉价格持续高位运行，受到各方高度关注。农业农村部市场与信息化司、畜牧兽医局有关负责人31日表示，这轮猪价上涨是非洲猪瘟疫情与周期性因素叠加的结果，当前肉类供应有保障，生猪生产将逐步恢复。（新华网）
有一说一 国足踢球是俱乐部给工资！踢国家队是无偿的！这你得和俱乐部老板说,0,comment:@人民网 【农业农村部回应猪肉价格上涨：生猪生产将逐步恢复】近期猪肉价格持续高位运行，受到各方高度关注。农业农村部市场与信息化司、畜牧兽医局有关负责人31日表示，这轮猪价上涨是非洲猪瘟疫情与周期性因素叠加的结果，当前肉类供应有保障，生猪生产将逐步恢复。（新华网）
我懂你意思，但真的很傻，说的像国足拿的钱是国家发的似的，足球作为世界第一大运动，赞助商愿意给他钱你说气人不气人。,0
国足烂是烂 但一码归一码 国足不是花钱的是给国家挣钱的,0,comment:@人民网 【农业农村部回应猪肉价格上涨：生猪生产将逐步恢复】近期猪肉价格持续高位运行，受到各方高度关注。农业农村部市场与信息化司、畜牧兽医局有关负责人31日表示，这轮猪价上涨是非洲猪瘟疫情与周期性因素叠加的结果，当前肉类供应有保障，生猪生产将逐步恢复。（新华网）
这条评论很有存在的必要 因为它显现了为什么中国足球不行,1
国足还能倒贴养猪呢。如果没了国足靠养猪，猪肉的价格还会升﹉,0
猪那么肥是吃肉吃肥的吗？搞错了吧，猪是吃饲料吃肥的。猪肉再这么贵下去，糖尿病肥胖病不知又要多多少。,0,comment:@人民网 【农业农村部回应猪肉价格上涨：生猪生产将逐步恢复】近期猪肉价格持续高位运行，受到各方高度关注。农业农村部市场与信息化司、畜牧兽医局有关负责人31日表示，这轮猪价上涨是非洲猪瘟疫情与周期性因素叠加的结果，当前肉类供应有保障，生猪生产将逐步恢复。（新华网）
感觉涨过价的东西就再难回到从前，,0,comment:@人民网 【农业农村部回应猪肉价格上涨：生猪生产将逐步恢复】近期猪肉价格持续高位运行，受到各方高度关注。农业农村部市场与信息化司、畜牧兽医局有关负责人31日表示，这轮猪价上涨是非洲猪瘟疫情与周期性因素叠加的结果，当前肉类供应有保障，生猪生产将逐步恢复。（新华网）
等到生猪开始多起来价格就没那么贵啦，现在的情况是有过猪瘟的养猪场不能马上养新猪导致生猪少，物以稀为贵所以才涨价，再等等叭。,0
我家40多块，已经平稳在这个价格了，在回落也不可能像以前10几块,0,comment:@人民网 【农业农村部回应猪肉价格上涨：生猪生产将逐步恢复】近期猪肉价格持续高位运行，受到各方高度关注。农业农村部市场与信息化司、畜牧兽医局有关负责人31日表示，这轮猪价上涨是非洲猪瘟疫情与周期性因素叠加的结果，当前肉类供应有保障，生猪生产将逐步恢复。（新华网）
我楼下新开了家超市，跟老超市竞争，猪肉白菜价....,1,comment:@人民网 【农业农村部回应猪肉价格上涨：生猪生产将逐步恢复】近期猪肉价格持续高位运行，受到各方高度关注。农业农村部市场与信息化司、畜牧兽医局有关负责人31日表示，这轮猪价上涨是非洲猪瘟疫情与周期性因素叠加的结果，当前肉类供应有保障，生猪生产将逐步恢复。（新华网）
有肉的时候不珍惜，没肉吃贼馋,0,comment:@人民网 【农业农村部回应猪肉价格上涨：生猪生产将逐步恢复】近期猪肉价格持续高位运行，受到各方高度关注。农业农村部市场与信息化司、畜牧兽医局有关负责人31日表示，这轮猪价上涨是非洲猪瘟疫情与周期性因素叠加的结果，当前肉类供应有保障，生猪生产将逐步恢复。（新华网）
贸易战真正结束后一两年有希望,0,comment:@人民网 【农业农村部回应猪肉价格上涨：生猪生产将逐步恢复】近期猪肉价格持续高位运行，受到各方高度关注。农业农村部市场与信息化司、畜牧兽医局有关负责人31日表示，这轮猪价上涨是非洲猪瘟疫情与周期性因素叠加的结果，当前肉类供应有保障，生猪生产将逐步恢复。（新华网）
我老公说猪肉上涨，很多食物也跟着上涨，不会跌到以前价格了，变相的是人命币贬值了，哎钱直接不够用啊,0
你房子涨了，这么多，你工资也涨了不少。咋不能允许农副产品适当涨价？十几块保持几年了？农民不该多赚点？,0
主要还是猪瘟，导致供不应求吧，外婆家养猪，我说猪肉翻了一番，粮食涨价了吗？外婆说涨了一毛！所以说什么回落农民就要亏，不存在的，等养猪的多起来，价格肯定会回落。参考今年年初的苹果,0,comment:@人民网 【农业农村部回应猪肉价格上涨：生猪生产将逐步恢复】近期猪肉价格持续高位运行，受到各方高度关注。农业农村部市场与信息化司、畜牧兽医局有关负责人31日表示，这轮猪价上涨是非洲猪瘟疫情与周期性因素叠加的结果，当前肉类供应有保障，生猪生产将逐步恢复。（新华网）
我倒想看看说不会回落到十几块的预言家之后会不会打脸,0,comment:@人民网 【农业农村部回应猪肉价格上涨：生猪生产将逐步恢复】近期猪肉价格持续高位运行，受到各方高度关注。农业农村部市场与信息化司、畜牧兽医局有关负责人31日表示，这轮猪价上涨是非洲猪瘟疫情与周期性因素叠加的结果，当前肉类供应有保障，生猪生产将逐步恢复。（新华网）
我们已经降到20几了，很快了,0
这属于生活必需品怎么可能涨了不掉,0
物价降不回去可以涨工资啊  全中国一堆两三千工资的人怎么活,0
今年是别想了，腊肉没的吃，梅菜没的扣，萝卜没的炖了,1
猪肉涨价了，连带着烤冷面都涨,1
市场会自我调节的，供给上来价格降低是必然,0,comment:@人民网 【农业农村部回应猪肉价格上涨：生猪生产将逐步恢复】近期猪肉价格持续高位运行，受到各方高度关注。农业农村部市场与信息化司、畜牧兽医局有关负责人31日表示，这轮猪价上涨是非洲猪瘟疫情与周期性因素叠加的结果，当前肉类供应有保障，生猪生产将逐步恢复。（新华网）
不吃猪肉不能活吗？羊肉他不香吗？？？,1
猪猪那么可爱为什么要吃,1
楼下饭店涨过价。就算肉变成5块钱一斤他们也不会降价的,0
过年桌上没有几斤猪肉会被别人看不起的,0,comment:@人民网 【农业农村部回应猪肉价格上涨：生猪生产将逐步恢复】近期猪肉价格持续高位运行，受到各方高度关注。农业农村部市场与信息化司、畜牧兽医局有关负责人31日表示，这轮猪价上涨是非洲猪瘟疫情与周期性因素叠加的结果，当前肉类供应有保障，生猪生产将逐步恢复。（新华网）
猪肉即将成为2020年过年新的炫富工具！,1
昨天看到一个姐妹说她家养了三头年猪，专门过年时候吃了。我仿佛看到了红烧肉和大肘子。,0,comment:@人民网 【农业农村部回应猪肉价格上涨：生猪生产将逐步恢复】近期猪肉价格持续高位运行，受到各方高度关注。农业农村部市场与信息化司、畜牧兽医局有关负责人31日表示，这轮猪价上涨是非洲猪瘟疫情与周期性因素叠加的结果，当前肉类供应有保障，生猪生产将逐步恢复。（新华网）
果然猪肉价格比香港新闻影响大多了,1
今年过节不收礼。收礼只收五花肉,1
农村人还指望腌猪肉，灌香肠呢,0
我们这里村里的宴席，这两年一直讲究，谁家的宴席里有全鸡，全鱼，全鸭，大猪肘子，这四道硬菜，其他的猪肉也有，但是都不被看好，哈哈。现在，大猪肘子才是硬菜呀,1
生猪降了卖猪肉的可没降,1,comment:@人民网 【农业农村部回应猪肉价格上涨：生猪生产将逐步恢复】近期猪肉价格持续高位运行，受到各方高度关注。农业农村部市场与信息化司、畜牧兽医局有关负责人31日表示，这轮猪价上涨是非洲猪瘟疫情与周期性因素叠加的结果，当前肉类供应有保障，生猪生产将逐步恢复。（新华网）
我已经好几个月不敢吃糖醋排骨了,0,comment:@人民网 【农业农村部回应猪肉价格上涨：生猪生产将逐步恢复】近期猪肉价格持续高位运行，受到各方高度关注。农业农村部市场与信息化司、畜牧兽医局有关负责人31日表示，这轮猪价上涨是非洲猪瘟疫情与周期性因素叠加的结果，当前肉类供应有保障，生猪生产将逐步恢复。（新华网）
过年桌上有猪肉的都是富家庭,1,comment:@人民网 【农业农村部回应猪肉价格上涨：生猪生产将逐步恢复】近期猪肉价格持续高位运行，受到各方高度关注。农业农村部市场与信息化司、畜牧兽医局有关负责人31日表示，这轮猪价上涨是非洲猪瘟疫情与周期性因素叠加的结果，当前肉类供应有保障，生猪生产将逐步恢复。（新华网）\\2019年炫富单品猪肉
不是应该海鲜满桌嘛 猪肉节日不怎么吃吧 都是牛 羊,0,comment:@人民网 【农业农村部回应猪肉价格上涨：生猪生产将逐步恢复】近期猪肉价格持续高位运行，受到各方高度关注。农业农村部市场与信息化司、畜牧兽医局有关负责人31日表示，这轮猪价上涨是非洲猪瘟疫情与周期性因素叠加的结果，当前肉类供应有保障，生猪生产将逐步恢复。（新华网）
老板！来盘饺子    要猪！肉！大！葱！的,1,comment:@人民网 【农业农村部回应猪肉价格上涨：生猪生产将逐步恢复】近期猪肉价格持续高位运行，受到各方高度关注。农业农村部市场与信息化司、畜牧兽医局有关负责人31日表示，这轮猪价上涨是非洲猪瘟疫情与周期性因素叠加的结果，当前肉类供应有保障，生猪生产将逐步恢复。（新华网）,comment:@人民网 【农业农村部回应猪肉价格上涨：生猪生产将逐步恢复】近期猪肉价格持续高位运行，受到各方高度关注。农业农村部市场与信息化司、畜牧兽医局有关负责人31日表示，这轮猪价上涨是非洲猪瘟疫情与周期性因素叠加的结果，当前肉类供应有保障，生猪生产将逐步恢复。（新华网）
前几天男朋友去我家送了一整个猪后腿,1
今年谁晒腊肉就是土豪,1
没事，我外公每年养两头，年底大家一起分猪肉,0
不知道为啥，猪肉涨价后，我总感觉猪肉有一股说不清的味道，搞的都不想吃,0
徒弟的肉比师傅的还贵，算了吃唐僧肉去吧,1
桂林米粉缺货，理由是猪肉太贵了……好的我去吃了生榨米粉,1,comment:@人民网 【农业农村部回应猪肉价格上涨：生猪生产将逐步恢复】近期猪肉价格持续高位运行，受到各方高度关注。农业农村部市场与信息化司、畜牧兽医局有关负责人31日表示，这轮猪价上涨是非洲猪瘟疫情与周期性因素叠加的结果，当前肉类供应有保障，生猪生产将逐步恢复。（新华网）
往年这个时候已经要买猪肉开始腌制腊肉了，今年这谁买得起啊,0,comment:@人民网 【农业农村部回应猪肉价格上涨：生猪生产将逐步恢复】近期猪肉价格持续高位运行，受到各方高度关注。农业农村部市场与信息化司、畜牧兽医局有关负责人31日表示，这轮猪价上涨是非洲猪瘟疫情与周期性因素叠加的结果，当前肉类供应有保障，生猪生产将逐步恢复。（新华网）
快来！现在知道什么样的家庭是富有家庭吗？过年的时候不要错过去这种家里拜年的机会！,1,comment:@人民网 【农业农村部回应猪肉价格上涨：生猪生产将逐步恢复】近期猪肉价格持续高位运行，受到各方高度关注。农业农村部市场与信息化司、畜牧兽医局有关负责人31日表示，这轮猪价上涨是非洲猪瘟疫情与周期性因素叠加的结果，当前肉类供应有保障，生猪生产将逐步恢复。（新华网）
鱼肉 鸡肉 羊肉 螃蟹肉 虾肉不好吃吗 为啥非要吃猪肉,1
用你的说法跟你问：再过不久就春节了，你打算让人看得起吗,0,comment:@人民网 【农业农村部回应猪肉价格上涨：生猪生产将逐步恢复】近期猪肉价格持续高位运行，受到各方高度关注。农业农村部市场与信息化司、畜牧兽医局有关负责人31日表示，这轮猪价上涨是非洲猪瘟疫情与周期性因素叠加的结果，当前肉类供应有保障，生猪生产将逐步恢复。（新华网）
我们家订了一头整猪，我望着自己的钱包瑟瑟发抖,1,comment:@人民网 【农业农村部回应猪肉价格上涨：生猪生产将逐步恢复】近期猪肉价格持续高位运行，受到各方高度关注。农业农村部市场与信息化司、畜牧兽医局有关负责人31日表示，这轮猪价上涨是非洲猪瘟疫情与周期性因素叠加的结果，当前肉类供应有保障，生猪生产将逐步恢复。（新华网）
早知道回家养猪了,1
我今天去买黄焖红烧肉跟黄焖排骨！居然没有了！老板说猪肉涨价 他们不知道涨多少合适！就不卖了？,0,comment:@人民网 【农业农村部回应猪肉价格上涨：生猪生产将逐步恢复】近期猪肉价格持续高位运行，受到各方高度关注。农业农村部市场与信息化司、畜牧兽医局有关负责人31日表示，这轮猪价上涨是非洲猪瘟疫情与周期性因素叠加的结果，当前肉类供应有保障，生猪生产将逐步恢复。（新华网）
我全面小康居然吃不起猪肉,1
明日tw新闻：“大陆人连猪肉都吃不起”,1
亲亲。买猪肉吗。支持分期付款哦,1
哈哈哈哈我奶奶在老家养猪，会给我们寄两头嘻嘻，我不怕,0
我们这每年过年青菜和猪肉差不多价格，不知道明年怎么样,0
真羡慕。农村。亲戚家养了两三头。,0
今年结婚的都是土豪,1
我现在跟着我爷爷养猪还来的及吗？,1
想在家里养猪了,1
哈哈哈哈哈，我家放别家养了一头猪，就等着过年杀,1,comment:@人民网 【农业农村部回应猪肉价格上涨：生猪生产将逐步恢复】近期猪肉价格持续高位运行，受到各方高度关注。农业农村部市场与信息化司、畜牧兽医局有关负责人31日表示，这轮猪价上涨是非洲猪瘟疫情与周期性因素叠加的结果，当前肉类供应有保障，生猪生产将逐步恢复。（新华网）
吃得起猪肉的都是大户人家,1,comment:@人民网 【农业农村部回应猪肉价格上涨：生猪生产将逐步恢复】近期猪肉价格持续高位运行，受到各方高度关注。农业农村部市场与信息化司、畜牧兽医局有关负责人31日表示，这轮猪价上涨是非洲猪瘟疫情与周期性因素叠加的结果，当前肉类供应有保障，生猪生产将逐步恢复。（新华网）
我家两头大肥猪足够撑起场面了,1,comment:@人民网 【农业农村部回应猪肉价格上涨：生猪生产将逐步恢复】近期猪肉价格持续高位运行，受到各方高度关注。农业农村部市场与信息化司、畜牧兽医局有关负责人31日表示，这轮猪价上涨是非洲猪瘟疫情与周期性因素叠加的结果，当前肉类供应有保障，生猪生产将逐步恢复。（新华网）
双十一我买了几斤腊肠，我突然觉得我好富裕,1,comment:@人民网 【农业农村部回应猪肉价格上涨：生猪生产将逐步恢复】近期猪肉价格持续高位运行，受到各方高度关注。农业农村部市场与信息化司、畜牧兽医局有关负责人31日表示，这轮猪价上涨是非洲猪瘟疫情与周期性因素叠加的结果，当前肉类供应有保障，生猪生产将逐步恢复。（新华网）
今年过年不收礼 收礼就收猪肉条,1
我是不用担心面子问题了，我爸卖猪肉的，突然觉得这个职业闪闪发光有没有,1
我以为今年过年会以青菜为贵的,1
生猪有些地方已经降到十六十七了，猪肉是目前没降价而已。现在已经是最便宜的生猪了，不过猪肉是肯定目前降不下来的,0
那是因为猪肉是直接惨到自己身上的事，香港是国家体制层面的事,0,comment:@人民网 【农业农村部回应猪肉价格上涨：生猪生产将逐步恢复】近期猪肉价格持续高位运行，受到各方高度关注。农业农村部市场与信息化司、畜牧兽医局有关负责人31日表示，这轮猪价上涨是非洲猪瘟疫情与周期性因素叠加的结果，当前肉类供应有保障，生猪生产将逐步恢复。（新华网）
并没有，刚才还在谈，猪肉35一斤，以前才九块十块而已,0,comment:@人民网 【农业农村部回应猪肉价格上涨：生猪生产将逐步恢复】近期猪肉价格持续高位运行，受到各方高度关注。农业农村部市场与信息化司、畜牧兽医局有关负责人31日表示，这轮猪价上涨是非洲猪瘟疫情与周期性因素叠加的结果，当前肉类供应有保障，生猪生产将逐步恢复。（新华网）
不知道这层楼的各位都是什么地方的，反正我们那小镇上，今年6月份的时候猪肉还9块钱一斤，后来7月开始，一天一个价，一直涨到现在的30,0
我去年去菜市场买菜的时候真的是十块钱一斤，而且我经常去买，可能有的地方要十几块，那又怎么样，有什么可讽刺的，难道人家十块钱一斤就说谎了，价格不一样而已,0
这群人都是住在月球上的吗十块一斤十年前价格？猪肉没涨价以前深圳华润万家上肉做活动八块多经常有，你们在哪买的猪肉？,1
层主没有说错啊，每个地方物价都不太一样，坐标郑州，今年过年前后猪肉真的八九块一斤,0
我这边前段时间猪肉家最低七块多，一段时间后就开始涨价了，这有啥不能信的，阴阳怪气啥玩意,0
楼主真没少说，也就是仅仅一年多前猪肉曾经创过7-8块一斤，有耐心的可以查数据,0
地区不同物价也不同啊，不懂九块钱的一斤的猪肉有什么好质疑的，五六月份的时候我家这边猪肉确实九块一斤，后面猪瘟开始才一天一个价最后涨到30，这两天价格回落降到28了…,0
坐标珠海 涨价之前 家乐福等大超市的猪肉真的是8、9块钱 …,0
关键价格那么贵，猪农到底有没有挣到钱？,0
北京，三环，就今年，至少上半年，五花肉10块、11块一斤。然后我们就看着它逐渐涨价。,0
你们都是生活在什么地方？？？以前十块左右的猪肉在我们那很常见的好吗？？？？,0
楼主说的猪瘟一年前的价格没说错吧，楼里某些人有什么好杠的,0
没买过这么便宜猪肉的都不去菜场超市买菜吧 去年最便宜的时候八块多一斤 十块钱可以吃两顿 坐标江苏 谢谢,0
一直说价格回落了，回落了，一直说到今天也不知道说了几次了，今天我去菜市场买1毛钱都没跌,0
肉贵有利健康，以免多出肥胖。,1
健康、肥胖和吃不吃肉没有必然联系，不健康的素食我可以写一个大单子：辣条、薯条、薯片、油条、花生酱、油豆皮、各种糖、汽水、加糖果汁、爆米花、各种果干……而鸡蛋、牛奶、各种海鲜、都有大量研究适量食用是有益于健康的，禽肉也有大量研究表明是无害的，畜肉还好，加工肉是一级致癌物。,0,comment:@人民网 【农业农村部回应猪肉价格上涨：生猪生产将逐步恢复】近期猪肉价格持续高位运行，受到各方高度关注。农业农村部市场与信息化司、畜牧兽医局有关负责人31日表示，这轮猪价上涨是非洲猪瘟疫情与周期性因素叠加的结果，当前肉类供应有保障，生猪生产将逐步恢复。（新华网）
肥胖不是因为肉，多读书啊孩子,0
人家就是开个玩笑，一大群公知就来上纲上线，闲出屁了就回家挠墙解闷行吗,0
好了好了，大家不要争了  糖类 脂类 氨基酸可以通过三羧酸循环等途径相互转化，缺谁补谁。谁多都能引起胖。,0,comment:@人民网 【农业农村部回应猪肉价格上涨：生猪生产将逐步恢复】近期猪肉价格持续高位运行，受到各方高度关注。农业农村部市场与信息化司、畜牧兽医局有关负责人31日表示，这轮猪价上涨是非洲猪瘟疫情与周期性因素叠加的结果，当前肉类供应有保障，生猪生产将逐步恢复。（新华网）
肥胖的少了，抑郁的多了咋办，一个星期清炒蔬菜，我这个心啊，拔凉拔凉的,0,comment:@人民网 【农业农村部回应猪肉价格上涨：生猪生产将逐步恢复】近期猪肉价格持续高位运行，受到各方高度关注。农业农村部市场与信息化司、畜牧兽医局有关负责人31日表示，这轮猪价上涨是非洲猪瘟疫情与周期性因素叠加的结果，当前肉类供应有保障，生猪生产将逐步恢复。（新华网）
肉是酸性食物，少吃没坏处，楼主说的没错好吧，而且楼主是在安慰大家，哪来那么多杠精,0
中国吃猪肉的占比太高，这次猪飞天说不准能稍微调整一下猪肉消耗比例,0
你们知道猪肉对老百姓多重要吗？我小时候吃不起肉，直接连蔬菜和主食都不吃了，每天吃饭都郁闷，做梦都能梦见肉,0,comment:@人民网 【农业农村部回应猪肉价格上涨：生猪生产将逐步恢复】近期猪肉价格持续高位运行，受到各方高度关注。农业农村部市场与信息化司、畜牧兽医局有关负责人31日表示，这轮猪价上涨是非洲猪瘟疫情与周期性因素叠加的结果，当前肉类供应有保障，生猪生产将逐步恢复。（新华网）
天天吃肉还不一定会胖，你吃素倒可能会胖，你胖那是因为食物升糖指数太高，碳水化合物才会使人长胖,0
吃肉不会胖，别瞎造谣了行不行，肉是补充蛋白质的，无语死你们这些天天瞎叭叭的人了,0
这句话有点朝鲜的感觉,1
别，你们不想吃可以别吃，别带上我们想吃的胖的,0
层里有科学家、生物学家？楼主开个玩笑都上纲上线。。。。,0
有道理，终于又有一个买不起的理由了,1
你有做专家的潜力,1
即使是开玩笑，也不要误导大众啊…如果这样说天天吃水果就行了，不会长胖，你的营养跟得上吗,0,comment:@人民网 【农业农村部回应猪肉价格上涨：生猪生产将逐步恢复】近期猪肉价格持续高位运行，受到各方高度关注。农业农村部市场与信息化司、畜牧兽医局有关负责人31日表示，这轮猪价上涨是非洲猪瘟疫情与周期性因素叠加的结果，当前肉类供应有保障，生猪生产将逐步恢复。（新华网）
有些人吃什么都会胖，就算吃的很少他也会胖，有的人怎么吃他也不会胖，你属于哪一种呢大叔？,0
肉不是肥胖根源好吧 碳水化合物才是真正的原因,0
吃肉并不会胖 让人胖的是碳水 无知,0
肉涨价连带着所有吃的都涨价，OK？,0
关键肉贵之后其它所有都跟着涨价了，连调料都跟着涨价,0
肥胖的根本原因是人太懒但是能量摄入过多而消耗太少，导致能量积累。,0
我看看有人骂你吗，看到骂你的人挺多我就放心了,0
我们这锅包肉变成了鸡肉的,1
武汉这锅包肉都给拿鸡胸肉做,1
套用我妈三天没打我句式开个玩笑，怎么这么多人当真了，就是调侃一下猪肉价格，谁还吃不起猪肉了,1,comment:@人民网 【农业农村部回应猪肉价格上涨：生猪生产将逐步恢复】近期猪肉价格持续高位运行，受到各方高度关注。农业农村部市场与信息化司、畜牧兽医局有关负责人31日表示，这轮猪价上涨是非洲猪瘟疫情与周期性因素叠加的结果，当前肉类供应有保障，生猪生产将逐步恢复。（新华网）
食堂排骨玉米汤变成玉米鸡架汤，打菜的时候阿姨还说是排骨玉米汤，排骨呢？黑人问号？,1,comment:@人民网 【农业农村部回应猪肉价格上涨：生猪生产将逐步恢复】近期猪肉价格持续高位运行，受到各方高度关注。农业农村部市场与信息化司、畜牧兽医局有关负责人31日表示，这轮猪价上涨是非洲猪瘟疫情与周期性因素叠加的结果，当前肉类供应有保障，生猪生产将逐步恢复。（新华网）
我有悔啊！！上次回家为啥子为啥子没多吃一点扣肉！我还嫌人家猪肉腻我有悔,0,comment:@人民网 【农业农村部回应猪肉价格上涨：生猪生产将逐步恢复】近期猪肉价格持续高位运行，受到各方高度关注。农业农村部市场与信息化司、畜牧兽医局有关负责人31日表示，这轮猪价上涨是非洲猪瘟疫情与周期性因素叠加的结果，当前肉类供应有保障，生猪生产将逐步恢复。（新华网）
我都快忘记猪肉是什么味道了,1
！！！！！我已经近两个月没吃排骨了,0
不至于，十几块一杯的奶茶买的起，几两猪肉买不起？,1
今年回家，我奶奶在猪肉最贵的时候买了好多排骨，给我炖了排骨汤，还给我做了回锅肉,0,comment:@人民网 【农业农村部回应猪肉价格上涨：生猪生产将逐步恢复】近期猪肉价格持续高位运行，受到各方高度关注。农业农村部市场与信息化司、畜牧兽医局有关负责人31日表示，这轮猪价上涨是非洲猪瘟疫情与周期性因素叠加的结果，当前肉类供应有保障，生猪生产将逐步恢复。（新华网）
不会真有人这么穷吧?一星期吃一次没问题吧?,0
想到我上半年一次苹果都没吃，那以前可是我最嫌弃的水果啊！一天到晚就吃苹果,1,comment:@人民网 【农业农村部回应猪肉价格上涨：生猪生产将逐步恢复】近期猪肉价格持续高位运行，受到各方高度关注。农业农村部市场与信息化司、畜牧兽医局有关负责人31日表示，这轮猪价上涨是非洲猪瘟疫情与周期性因素叠加的结果，当前肉类供应有保障，生猪生产将逐步恢复。（新华网）
真的，我也才发现锅包肉，熘肉段好久没吃了,0
昨晚吃了一次，两碗面条一个素菜加一个锅包肉一百多我的吗,0
这次下跌，是否预示着春节前涨得更猛？,1
他说的是批发价格   老百姓买的是零售价格    是多少咱也不敢说   咱也不敢问,0,comment:@人民网 【农业农村部回应猪肉价格上涨：生猪生产将逐步恢复】近期猪肉价格持续高位运行，受到各方高度关注。农业农村部市场与信息化司、畜牧兽医局有关负责人31日表示，这轮猪价上涨是非洲猪瘟疫情与周期性因素叠加的结果，当前肉类供应有保障，生猪生产将逐步恢复。（新华网）
春节应该会突破60元一斤,0,comment:@人民网 【农业农村部回应猪肉价格上涨：生猪生产将逐步恢复】近期猪肉价格持续高位运行，受到各方高度关注。农业农村部市场与信息化司、畜牧兽医局有关负责人31日表示，这轮猪价上涨是非洲猪瘟疫情与周期性因素叠加的结果，当前肉类供应有保障，生猪生产将逐步恢复。（新华网）
政府干预的必要性，前几年说完全市场化，现在看起来完全不干预物价，真的好么？,0
没有跌，猪肉还是30几块钱、40几块钱一斤！好一点的黑毛猪肉50几、60几块钱一斤,0
元旦，春节肯定要涨,0
春节看政府会不会投放储备肉,0
春节前 必降  国外的肉已经在运了 春节要是还在涨  有人要发火了,0
猪栏里的猪还是少，起码我老家现在村里人全都不养猪了全卖了 听说猪瘟影响 这四五年都不会养。,0
毛猪的价格在跌，但是猪肉不跌，为啥呢,0
肯定要暴涨 生猪问题没有解决价格肯定是下不去。冻货一旦卖完 生猪源没解决反而会暴涨，之前冻鸡腿鸭腿才多少现在翻了几倍了 一个道理 ,comment:@人民网 【农业农村部回应猪肉价格上涨：生猪生产将逐步恢复】近期猪肉价格持续高位运行，受到各方高度关注。农业农村部市场与信息化司、畜牧兽医局有关负责人31日表示，这轮猪价上涨是非洲猪瘟疫情与周期性因素叠加的结果，当前肉类供应有保障，生猪生产将逐步恢复。（新华网）要等到明年下半年价格才能回温,0
这次下跌是因为进口。春节上涨是因为需求。没有必然的关系。肯定会暴涨的。,0
啥肉不是肉，不一定非得吃猪肉,0
现在结婚不明智 金价涨 猪肉涨 什么都在涨,0
跟油价一个套路，涨十元降一元，这几个月老百姓多消费的钱哪去了？是不是需要一个交代啊,0
肉平时我们这里一过节那些东西都猛涨，现在不敢想过年,0
喜迎小康社会,1,comment:@人民网 【农业农村部回应猪肉价格上涨：生猪生产将逐步恢复】近期猪肉价格持续高位运行，受到各方高度关注。农业农村部市场与信息化司、畜牧兽医局有关负责人31日表示，这轮猪价上涨是非洲猪瘟疫情与周期性因素叠加的结果，当前肉类供应有保障，生猪生产将逐步恢复。（新华网）
我们大部分人家户都喂猪过年的,0,comment:@人民网 【农业农村部回应猪肉价格上涨：生猪生产将逐步恢复】近期猪肉价格持续高位运行，受到各方高度关注。农业农村部市场与信息化司、畜牧兽医局有关负责人31日表示，这轮猪价上涨是非洲猪瘟疫情与周期性因素叠加的结果，当前肉类供应有保障，生猪生产将逐步恢复。（新华网）
再涨？超过牛羊肉价格 就很少人吃猪肉了，,0,comment:@人民网 【农业农村部回应猪肉价格上涨：生猪生产将逐步恢复】近期猪肉价格持续高位运行，受到各方高度关注。农业农村部市场与信息化司、畜牧兽医局有关负责人31日表示，这轮猪价上涨是非洲猪瘟疫情与周期性因素叠加的结果，当前肉类供应有保障，生猪生产将逐步恢复。（新华网）
应该不会了，已经恢复从加拿大进口猪肉了,0
猪肉贵是非洲猪瘟引起的，派人去非洲问责猪瘟吗！,1
呐 不能太自私自利 因为天灾就猪肉价格涨一点  活不下去了？  这钱国家挣了？？ 政府一直在想各种办法调节 一个个冷热嘲讽的 我要是政府 我能气死 这都是一群什么破白眼狼啊,0
猪瘟发生没有引起足够重视，地方存在瞒报行为,0
鸡毛，应该问责谁在盲目执行环保政策，实施一刀切的,0
猪瘟只是导火索  归根结底是由于近些年来一系列跨大步的政策所致  政策的出发点是好的  但是层层落实下来出现了各种一刀切  而且zf并没有意识到问题  结果造成这样的结果,0
不过现在的猪都喂饲料跟激素，三个多月出栏，少吃一点也没什么不好,0
很多人不关注猪瘟是怎么进入国门的，瘟+一刀切+超发，要问的太多了，不责上，不责众～,0
掌最大的权，管最多的钱，当然也要挨最狠的骂，背最黑的锅,0,comment:@人民网 【农业农村部回应猪肉价格上涨：生猪生产将逐步恢复】近期猪肉价格持续高位运行，受到各方高度关注。农业农村部市场与信息化司、畜牧兽医局有关负责人31日表示，这轮猪价上涨是非洲猪瘟疫情与周期性因素叠加的结果，当前肉类供应有保障，生猪生产将逐步恢复。（新华网）
农村都不让自己养猪养鸡了。。。。鸡蛋也贵猪肉也吃不起了,0,comment:@人民网 【农业农村部回应猪肉价格上涨：生猪生产将逐步恢复】近期猪肉价格持续高位运行，受到各方高度关注。农业农村部市场与信息化司、畜牧兽医局有关负责人31日表示，这轮猪价上涨是非洲猪瘟疫情与周期性因素叠加的结果，当前肉类供应有保障，生猪生产将逐步恢复。（新华网）
你自己不去关心政府到底已经做了哪些事了，自己屁都不知道在这里指挥全局、批评别人没干活？？？？,0
中国本来就是猪肉进口大国。。。,1
养的那些猪圈，你以为能躲得过猪瘟？到时候损失了猪又没有政府补贴。回头死猪还不知道怎么处理。所以说拆了猪圈也不知道是好事儿坏事儿呢,0
我记得是问责过的，可能只是你既不关注也不先查新闻,0
问责？？这也能问责  你能不能先了解一下为什么猪肉贵,0
养鸡都嫌污染环境，猪肉吃不起，鸡肉也吃不起了，毕竟要还房贷的，生活紧巴巴,0
对于一些人的言论我是真的不敢苟同 猪肉价格上涨这么厉害是因为猪瘟导致生猪存栏量和产量严重下跌，再加上中美贸易战进口猪肉减少造成了市场供不应求的现象使得猪肉价格疯涨，别动不动啥价格涨了怨国家，国家又不想让涨价，这是经济上的正常现象，价格回落是肯定的只是时间问题,0
都承认有政策过度干预的原因了好么,0
谁都没错，千错万错都是我的错，因为我工资太低买不起猪肉，就自己受着吧,0
调研过，生猪业的经营者和我们说这个周期一般持续两年，种猪基本都在重新培育，回落是时间问题，只不过不会那么快的,0
往年有猪瘟的时候，十天半个月就有肉吃了，但是今年持续多久了，还不是小猪厂都被环保了，谁敢养猪,0
我家开养殖厂的，猪肉价格今年上涨最重要的原因还是去年好多地方不让养猪了，污染环境。再加上猪瘟，养猪户赔了太多钱，不喂猪了，现在肉价才这么贵,0
政府不能调控基本民生就应该受到质疑批评，再说猪价涨成这样只是非洲猪瘟的原因吗？,0
猪瘟哪里来的？？？从天而降的？？？,1
哇 社会主义国家 已人民为中心哎 现在小问题我们还不能质疑？就你爱国？啥都明白完了？猪肉涨了 政策错误 工资没涨 我确实吃不起。影响到民生 我不能说？你是个jb？当代红卫兵？,1
二师兄太难了,0
中国年消费猪肉5500万吨，因为之前乱作为和猪瘟今年缺口一半，2700万吨。全球其他国家加起来可供出口的猪肉也就900万吨，即使全买过来也不够，所以猪肉价格必然长期大涨，趁回调普通民众赶快吃一些，以后就没机会了！,0
早就从卖鸡肉的摊贩那里得知猪肉批发价降了五块钱，然而，零售价一毛也没落！,0
解散男足，快速养猪！,0,comment:@人民网 【农业农村部回应猪肉价格上涨：生猪生产将逐步恢复】近期猪肉价格持续高位运行，受到各方高度关注。农业农村部市场与信息化司、畜牧兽医局有关负责人31日表示，这轮猪价上涨是非洲猪瘟疫情与周期性因素叠加的结果，当前肉类供应有保障，生猪生产将逐步恢复。（新华网）
现在也是在养猪啊，只不过那是不能吃的猪,1
不懂球的闭嘴 中国足球已经不正常了 赢不了,0
你个憨批，男足赢了不更赚钱么？非得天天输？？,0
是用养男足的钱来养猪,1,comment:@人民网 【农业农村部回应猪肉价格上涨：生猪生产将逐步恢复】近期猪肉价格持续高位运行，受到各方高度关注。农业农村部市场与信息化司、畜牧兽医局有关负责人31日表示，这轮猪价上涨是非洲猪瘟疫情与周期性因素叠加的结果，当前肉类供应有保障，生猪生产将逐步恢复。（新华网）
震惊，那个足球队不比中国男足赚钱？？,1
安排的很好，你就是再就业办公室的主任？,1
让男足去养猪,1
国足不怎么赚钱吧！？主要是国内俱乐部和球员赚到的多,1
国足再输也能赚钱嗷，这群憨批怪不得没有紧迫感呢，赚的钱好意思花嘛,0
震惊，男足竟然可以赚钱？,1
不愧是憨批 那足球赚来的钱不养其他体育项目了 你来出钱 交给你,0
工资涨一涨吧，这物价已经不是这工资水平能承受的了。,0
你敢说工资？努力警告,0
猪肉涨的像兔子蹦，工资涨的像乌龟爬,1
中国人民的工资相对于中国的劳动强度和水平来说确实低了,0
工资赚这么少还不是自己不努力，自己买不起猪肉就怨政府,0
涨工资想多了 你们不做生意是不知道今年的经济有多差 不只是今年 从15年开始就不行了 老百姓手里有没有钱 在我们做餐饮行业的人心里最清楚,0
工资国家发给你？,0
与其涨工资不如降房价呢,0
疯了吗，涨工资的话物价也会疯涨，人民币会贬值，这意味着什么，引人深思。,0
经济不景气，涨工资就别想了，无论是上班的还是做生意的都没怎么挣钱。,0
大胆，人家都说了你穷是以为你不努力,0
人口红利带来的必然后果就是你不干有很多在等着干，但人口红利基本也快消耗差不多了，等八零九零零零这三代成为中流砥柱的时候整个国家的劳动力会有些稀缺。等着吧，现在看的不是谁努力，而是谁命长,0,comment:@人民网 【农业农村部回应猪肉价格上涨：生猪生产将逐步恢复】近期猪肉价格持续高位运行，受到各方高度关注。农业农村部市场与信息化司、畜牧兽医局有关负责人31日表示，这轮猪价上涨是非洲猪瘟疫情与周期性因素叠加的结果，当前肉类供应有保障，生猪生产将逐步恢复。（新华网）
每个环节都是相关联的,0,comment:@人民网 【农业农村部回应猪肉价格上涨：生猪生产将逐步恢复】近期猪肉价格持续高位运行，受到各方高度关注。农业农村部市场与信息化司、畜牧兽医局有关负责人31日表示，这轮猪价上涨是非洲猪瘟疫情与周期性因素叠加的结果，当前肉类供应有保障，生猪生产将逐步恢复。（新华网）
愤青？您天天政府政府的，人家得罪你什么了？心态真的好变态。,0
想活，当今的基本工资能让你活，毕竟拿这些基本工资的没从地球上消失。但是您讨论的是活的舒服的问题，请不要就这么简而化之。拿最基本工资的怎么可能活的舒服？否则基本工资的意义是什么？我国还没有进入共产社会，哪来的那么高生产力？七武海也只是摸着石头过河。欢迎来辩，但请别泼妇骂街。,0
请以后不要用“政府”两个字简单概括所有部门，就好比我不能用“脑残”概括所有网友一样。基本工资这个东西很复杂，能拿到基本工资也基本是该被扶贫的人。上海市最低工资2480，能拿到这个工资想在上海活下去那肯定需要领补助了。,0
肉必须降价，再像之前那样涨下去的话，很快我买猪肉也得用花呗分期了,1
真不能再分了，我现在欠的已经要分12期了,0
生鲜水果，蔬菜和肉食，生产商不赚钱，都是中间商把钱赚了。建议国家搞一个网上供销社，对这些关系到民生的产品，起到一个平抑物价的作用。,0
烂苹果做饮料，没啥不好说的。以前我们村有几个妇女在饮料厂上过班，烂桔子果子啥的做果汁饮料。,0
房地产抱怨的声音还少吗？,1,comment:@人民网 【农业农村部回应猪肉价格上涨：生猪生产将逐步恢复】近期猪肉价格持续高位运行，受到各方高度关注。农业农村部市场与信息化司、畜牧兽医局有关负责人31日表示，这轮猪价上涨是非洲猪瘟疫情与周期性因素叠加的结果，当前肉类供应有保障，生猪生产将逐步恢复。（新华网）
你否定了中间货运商，经销商的价值了呀，这跟房产开发商是一样的价值,0
房地产也是，换做猪肉就气愤的不行了呀？,0
不是不买，是很多地方没法摆路边摊，你果农想直接卖水果可以，去农贸市场自己租个摊位摆，那你要是没钱要么你别摆，要么卖给中间经销商，那你摆了摊不就卖的贵了？,0
也有黑心摊贩少称,0
意思是重回计划经济呗,0
理工科的经济学没学吗？？？人家说的是扰乱市场恶意引导生产商干预物价的行为。,0,comment:@人民网 【农业农村部回应猪肉价格上涨：生猪生产将逐步恢复】近期猪肉价格持续高位运行，受到各方高度关注。农业农村部市场与信息化司、畜牧兽医局有关负责人31日表示，这轮猪价上涨是非洲猪瘟疫情与周期性因素叠加的结果，当前肉类供应有保障，生猪生产将逐步恢复。（新华网）
苹果便宜的要死，大卡车拉着2块一斤也没很多人买。。。,0,comment:@人民网 【农业农村部回应猪肉价格上涨：生猪生产将逐步恢复】近期猪肉价格持续高位运行，受到各方高度关注。农业农村部市场与信息化司、畜牧兽医局有关负责人31日表示，这轮猪价上涨是非洲猪瘟疫情与周期性因素叠加的结果，当前肉类供应有保障，生猪生产将逐步恢复。（新华网）
夏天的时候。。我们家距离市区十公里的农村。。。市区桃子3块钱一斤。我们这桃园收桃一毛钱一斤。果农懒得采摘。全都挂在树上等到自然腐烂。。。。。本地最知名最好,1,comment:@人民网 【农业农村部回应猪肉价格上涨：生猪生产将逐步恢复】近期猪肉价格持续高位运行，受到各方高度关注。农业农村部市场与信息化司、畜牧兽医局有关负责人31日表示，这轮猪价上涨是非洲猪瘟疫情与周期性因素叠加的结果，当前肉类供应有保障，生猪生产将逐步恢复。（新华网）
你不如直接买地皮，水泥，石灰造房子，用你的自行车去拉，这样省钱不用花大笔钱买房子了。。。,1
不想出中间费用，直接去产地买就行了，你看比中间商便宜多少？,0
摆摊卖猪肉的太多了，他们的猪肉都是直接送养猪农户手里买的，也就是说养猪的农户不靠经销商照样是不愁销路，只不过卖给双汇金锣这种可以批量卖而已，经销商是没能力压价的,0
中间商运输不要钱？储存不要钱？腐烂不要钱？运输成本比农副产品本身的价值高很多，如果不是中间商，你可能一斤橘子要付二十五的运费,0
我婆家种苹果，讲真，大家如果有条件还是直接去果农家买，好苹果今年收购价应该还是2块左右一斤。我们几千斤苹果也就几千块钱，根本不赚钱，市场卖的5-8块一斤,0
节的选择是量少，房子就是好例子，没计划，穷者卖身，富者暴富,0
都是中间商在赚差价，国内太少直销平台了，结果劳动人民挣不了几个钱，买家又都花了好多钱。,0
但是养猪的农民真的赚钱了，水果要靠经销商才能卖出去，但是猪肉不是,0
网上可真不一定便宜，双十一凌晨下单买雪莲果同城发货，19.9包邮5.5kg，12号才到，我11号下午吃完饭逛街发现水果摊卖3块1kg，算下来我还亏了3块。等了一天的时间,0
蔬菜涨价了怎么办？水果涨更高。水果吃不起怎么办？猪肉涨……官方答复听了不少，回头去个菜市场脸都被打肿……,0
最近水果挺便宜的呀,1
目前猪肉进价确实跌  但是卖价不会跟着大跌  因为商家要挣钱啊,0
就是啊，什么东西都涨价，可不只有猪肉,0
只吃得起柚子，5块钱一个,0
我这小菜水果便宜的不得了 青菜白菜包菜啥的几毛一斤，最贵的时候一块多，莴笋也是0.98，韭黄贵一些几块钱，常吃的都挺便宜的，水果前些天梨1.98，橘子1.98.蜜橘两三块，苹果两块多 不过前天买的草莓有点贵38一斤。。水果倒是便宜,1
由此可见，当官的不进菜市场,1
我觉得水果蔬菜很难降,0
：苹果两个四块钱，两个柿子两块钱，四个香蕉3块钱，好多了都，我感觉好便宜,0
去超市根本买不起水果…只能靠拼多多生存,0
为啥我买四个苹果不到六块钱？,0
水果已经能吃得起了，猪肉是真的吃不起,0
水果降价了啊，蔬菜也降了，肉价也降了，只不过降了也还要30，蔬菜和水果的价格目前还能接受～,0
学校里面的东西本来就比外面要贵很多，想吃水果可以去外面的超市买，超市比水果店更便宜,0
我江西上饶，水果现在价格真的不贵，不知道他们那些水果卖天价的是在什么城市,0
那也快便宜了，我们这超市两块多，批发市场一块多,0
如果过年之前能回落到原来13块左右的水平，那才叫真正的回落了。,0
能降到20左右，就不错了，我觉得这个都不太可能，可能会维持近日30元左右，实话说猪肉一涨，很多东西都涨了一些，除了工资，今年是真没涨。,0
都不求他回到那么低，能跌到20以下我就满意了,0
养殖的也希望猪肉回到以往的价格，不是市场猪肉价格越高养殖户就越高兴的，这里面连锁反应太多了。,0
十几块的价格没个一年半载的猪崽也长不起来啊,0
今年不可能，就算大家都开始养猪，猪最少也要半年出栏。也别说13块就不活了，亏不亏是看猪苗、猪食等各方面的投资成本，短时间内成本偏高，价格自然要高些,0
我知道猪肉不可能降回13左右一斤，但我作为一个消费者真的很希望降回以前的价格，就像养殖户不想让猪肉降回原来的价格一样，都有自己立场的,0
都9012年了 一个猪肉价涨成了这个样子 有些相关部门是不应该问问责呀,0
那我问问你要问责哪个部门能起到作用？别有模有样一句有关部门显得很牛批似的袄,1
有些人只管闭着眼睛怨国家让他们没肉吃，管你是天灾还是人祸，动不动就粉红帽子扣起来,0
人均GDP是美国的1/6，肉价是人家的两倍,1
要不是国家控制，你以为现在四五十一斤这么低？早就上天了,0
除了父母谁会在乎我们这些底层人,1
比什么肉价啊，你咋不比比蔬菜价格？看蔬菜价格是美国是中国的几倍,0
是，说医生治感冒治不好，医生一高兴把所有患者的头都给剁了，这么高明的医术有什么可抱怨的,0
脑残真不少，供应恢复需要时间。非洲猪瘟谁都不愿意的。现在政府在全球买猪解决供应。之前苹果价格高，还不是跌下来了。,0
我大清也不想完蛋的，就怪人民过于脑残。,0
我是做这一行的   现在不是小猪没长大  而是根本没什么小猪  主要种猪存栏量不多   现在的养殖场很多只要是母猪就都留下来配种繁育了  没母猪哪来商品猪,0
反正我家就是，都没挣钱,0
水果可以不吃 大不了买几块钱一瓶维生素吃。可是真饿啊想吃肉,0
别再bb了，国家现在不是在想办法了吗？一边要对付香港废青，一边要稳CPI降猪肉价格，你们想咋样,0
真正难受的是养猪人吧，猪瘟时候赔死，好不容易涨点，还没赚回来就开始落。并且通过调控猪降价了肉并不降价，现在生猪出栏小贩看着调控落价他们还不收生猪，一直以来最辛苦，最难受的非那些养猪的人莫属了吧。猪一涨价大家就冷嘲讽的，难道猪是吃空气长大的不要成本？一落还都嫌落得少,0
不客气，我只是阐述了一些我看到的事实,0
看了这么多条评论，看到你这条我哭了，谢谢你为我们养猪人发声,0
已经有养猪人清场了，还有杀母猪的，卖200斤以下的，估计明年又是缺猪。,0
没人会去关注养猪人的心酸的，前两年国家搞环保，大大小小的猪场猪圈全拆了不知道多少，手里还有点钱的到外面寻找新地方又重新养，结果又赶上猪瘟，不知道多少人辛辛苦苦一辈子一次就倾家荡产了，养猪人赔钱的时候有人看见了吗,0
本人只是理性地表达自己的观点，不喜勿喷，勿点，谢谢！,0
对啊，暂时性的上涨不是很正常吗，我也没听说没因为没猪肉吃饿死了，一直在这bbbb,0
现在猪肉贵是因为非洲猪瘟吧,0
我表姐家开了养猪场，本来效益挺好的。。。后来猪大部分死了，没死的便宜出手了，结果现在猪肉价格又上去了。。。,0
没有进口俄罗斯的猪肉？你去查查数据好吧 去年开始进口 和猪瘟时间重叠,0
没有哦，美国的猪肉是严格进口的，俄罗斯的猪肉从来没有进口过,0
没办法，贸易战，以前都是美国进口，美国猪已经没有猪瘟了，这次贸易战从俄罗斯进口，然后就开始了，大规模猪瘟之前我们这里已经有消息了，周边一个大型养猪场死了几千头猪，果然猪肉就开始涨价了，不怪国家，怪就怪美国吧,0
猪从俄罗斯进口的，谁知道俄罗斯又从非洲进口,0
养猪的人 才是真的难，去年赔的底朝天，今年还不容易涨到现在，没挣到钱 又要降价了。 这样谁还养猪，真的是。,0
今年勉强看到过猪走路，网上,1
国计民生，真正为人民服务,0
嫌中国不好就去美国呗！反正中国人口这么多也不缺你一个，垃圾,0
会儿强制让农民拆猪圈，一会儿又让大家狂养,0
真实情况，我们这里散户养殖场靠近村庄的都要求拆除了，搬到村庄附近的农田里继续养殖，而且现在想建小养殖场直接批准的,0
别再傻乎乎的被忽悠去养猪了，没出现大的问题的时候环保，土地局等一系列的政府人员找你，不合格拆，违规罚，现在供不应求了又开始大力支持让复养什么的，等忙完量可以供上了，指定出什么幺蛾子呢，不羡慕养猪的发财，赔钱那会没人问，现在人家可能还没回本呢，话糙理不糙，大家自己品，细品是不这个理,0
回你妹，回个几毛也叫回？各种物价飞涨，是什么导致现在的局面，难道不应该反省吗？房价现在又开始涨了，真是呵呵呵了,0
还是吃不起，我已经好久没吃过猪肉了,0
天天在办公室统计数据吗？不去实地调查下。,1
就算回落了，好多小吃店的东西也不会再降价了，我们这的烧饼就从5块涨到了7块,0
又胡扯，价格没降，而且年底了，这些猪肉企业都在存货等着过年前大赚一笔,0
猪肉涨价，带着所有都涨价，平时买的饭也是蹭蹭蹭涨价，感觉自己越来越穷,0
自从猪肉涨价了，其他各种东西也开始涨价！我的天呢,0
涨价前  我这里是15元一斤   在不回落  过年就没指望了,0
不出意外 今年过年餐桌没有猪 猪蹄子吃不起了,0
二师兄把物价拱飞了！,1
商量一下，下次起码降个十块八块的再上热搜通知我好吗，答应我嗯？,1
猪肉涨价.很多餐厅涨价.我们平时吃的快餐涨价3块钱.鸡蛋涨价.鸡鸭涨价.最苦的就是我们.什么时候这些东西可以恢复到从前,0
猪肉降不降价你说了不算。要我们真真切切实际购买了降价才算真正降价,0
很多人担心猪肉价格下跌，到春节你再去市场看看。。。。不砸主力哪里有机会，主力也知道量产需要时间，进口改变不了价格趋势。而且一个完整的周期都在46至48个月左右。 ​,0
你看好你就买吧，我仅仅是发表我的个人观点而已……祝你发财！,1
全世界全部来中国的肉够吗？还不懂的话看看前面几部委猪肉保供新闻发布会的发言～,0
全世界的进口猪肉都来了,0
没有调研就没有发言权、国际可供出口量多少？国内缺口多少？查查数据再说～,0
拿外汇去进口猪？口号而已,0
你可能低估了，国家要控制猪价的决心！,0
好的，我知道了，不要再提了。洗怕了,0
目前证券板块涨幅第一，就差超跌小盘银行股了，一旦发动直接收复上周五高点,0
看到四万多人跟我一样我就放心了,1
坐标广州，公司走了一大批人，出去做同样的工作，其他公司底薪都高两三千,0
目前无业,0
工作量涨了，资历涨了，就是忘了涨工资,1
降了，与其说是降，不如说是不按正常标准发了，明明是事业单位，年终奖咱不强求，求求你工资照常发吧,0
涨的应该都是国家单位吧？,0
猪肉涨价了 ，我就算了,1
什么都涨了，工资没涨,1
没办法，社会就这可运行的。想过得好只能努力多挣钱,0
不，我看明白了。我的意思是人工涨的远不及物价上涨,1
汇率导致物价上涨。人工上涨会带来恶性循环的物价推高,0
你可能没明白，现在是局部涨，如果涨工资很能带来的是全面涨,0
工资涨不涨无所谓了，那些商家比我们还早知道要涨工资，我们一涨工资他们就涨物价，这次猪肉是例外。,0
现在的问题是  物价已经上涨了   工资却没涨……,1
都不涨就过不下去   会有更严重的后果  比如社会不wending,0
工资大涨会带来物价上涨，因为大家的人工成本增加了。,0
能给按时发，算我谢谢他,1
搞工程的按时发工资算是做梦,1
嗯呢，能按时发都不错了，我感谢我公司他八辈祖宗,1
现在按时发工资都成了奢求了吗,1
涨的是基本工资奥，也就一百来块钱,0
稍稍涨了一丢丢，但是猪肉没让我自由哦,1
很稳定，一如既往的穷～～,1
可能是涨领导身上了,1
涨工资？领导这个月都给我降了两次了,0
保公积金企业年金都涨了，到手的工资却越来越少，一年少了6 700,0
我是陕西的听说涨工资了，感觉大家的都涨了，就我一个人没涨,0
涨五十块钱也是涨，一块钱四个，嘿嘿！,1
物价一直在涨。工资越来越低。,1
除了体重和物价都没涨,1
工资永远比不上房价的上涨速度,0
别说涨工资了，都三个月没发了！我都快穷疯了,0
开玩笑，我们工资稳定，数十年如一日,1
涨了一百，原本休息5天现在要减一天,1
还没步入社会的我已经体会到了吃不起猪肉的艰辛,0
体重涨了或许也是一种胜利,1
事业单位不止没涨还要降了,0
小编你的工资涨了吗？估计是涨了。,1
想法设法的给我们少发钱，降了不少，日子不好过。,0
涨工资不是主要，主要是一日三餐食物及生活用品保持合理价格区间,0
工资在爬楼梯，楼梯物价在坐飞机。,1
连猪都比不上。,1
没涨，而且存了点钱去股市还被蒸发了。你说惨不惨？？？？,0
贫富已经拉开，社会矛盾在加剧，菜蓝子就能引起社会动荡,0
物价倒是涨的挺快的,0
没有工资，生活费涨了,1
我觉得以后估计市民都要自己养猪种菜了,1
今天深刻感受到物价上涨带来的压力,0
现在到底是猪肉上涨还是物价上涨？？？为什么有些店家价格涨的那么厉害？？？？？,0
最后一句话“整体物价还处于温和上涨”哪里来的？,0
多一点实际，少一点“纸上谈兵”有何不可呢？,0
以前不懂事，总觉得地震局是最没用的摆设,1
物价温和上涨，工资从来不涨,1
温和的很，字典没有大涨这个词,1
国家政府太难了。国家管控吧，就说你垄断。交给市场调节吧，就说你没用治理无方,0
呵呵，这些都是涉及老百姓的日常事情，怎么不说老百姓好难，老百姓难道不是国家的主要组成部分？！,0
猪肉价格翻了好几倍吧,0
涨，说明人民工资上涨了物价才会涨，对吧，你看我这水平当个局长怎么样？,1
卖菜的卖水果的也要吃肉啊，猪肉是刚需,0
我真的服了 实事求是好吗,0
实事求是就是收入还降了，工时还被要求义务延长,0
统计局。。。。真的统计了吗？,1
这事统计局也管不了啊，价格控制在发改委的手里，国家的经济模型牢牢的掌握在发改委的手里，决定产业结构、决定优先分配顺序、决定那些涨，那些控制。现在有控房价，其它生产资料普涨，下一步若能带动收入普涨，基本上就算经济转型成功了吧？,0
百分之三点半，可是中国消费价格本来就高,0
其他的蔬菜水果肉类都涨价。,0
甚么都不吃最好，喝点稀饭吃点咸菜，怎么过不是过,0
物价赶英超美，收入亚非拉徘徊，当你质问前者，他们回答要与国际接轨，当你质问后者，他告诉你要符合中国主义特色，呵呵,1
他们难道不需要买菜吗，说话没数吗，说出来良心不会痛吗,0
都忘了还有物价局这么个部门，以为东西都随便涨呢,0
我家的小区是没降还是又涨回来了,0
北京房价降了,1
帝都竟然还有这么多单价5万以下的房子，对比深圳上海，绝对属于低房价的宜居城市！！,1
都在六环外，你试试买了后上下班啥情况再高兴,1
北京就要有首都气质冲向人类历史房价最高 不要怂让全国人民拥有人类文明历史最坚强的资产,1
看出来了，还是买不起,0
北京多大深圳多大啊，而且这些小区也看不到位置，五六环外的话……,0
很荣幸每天住着10w以上的房子,1
看出来一个月3千工资的我根本买不起,0
人心如路，越计较越狭窄，越宽容越广阔。,0
上面的价格比实际成交价高多了,0
第一印象：排序很乱，毫无规则,0
马云说的对，过几年房子和大葱一个价,1
我还是比较关心大家能不能找到爱情 哈哈 希望那时候的孩子们都可以跟爱的人在一起 而不是因为钱,0
潘石屹：目前中国的房子已经够34亿人居住了，马云说未来房价如葱,0
马云谈房价问题，非常有远见！推荐经济条件一般，却准备要搭上父母一辈子的存款去买房的年轻人看看，看完再做决定也不迟,0
就像大家都知道5G以后流量不值钱，但是也不能现在不用吧，今天的日子还得过吧,0
此时此刻我牙疼，我只想我牙不疼。考虑不到牙不疼的时候的事情，也不想考虑。,1
只要是在黄金地段就是美丽的负担，我愿意啊,0
女方应该说的嫁妆 真是不给父母省心,0
贪念越大越容易上当。,0
被洗脑的根本原因，还是“轻松赚大钱”的贪欲～,0
传销就是告诉你，社会分配确实基本上是付出与回报成正比，但是你可以幸运地成为这个基本之外的特殊个例。,0
容易陷入传销之中，因为你太单纯，没有看到这个世界的复杂,0
房贷使人进步哈哈,1
房贷和花呗还款日同一天，20号，希望领导体谅我赶紧发工资。苦恼怎么让领导看到我的这条微博,0
没有抓住重点。房地产当然要搞，因为中国人多，买房结婚是传统，是刚需，但是超过刚需购置房产是投资，因为目前只有房产还可以保值，其他没有很好的保值资产可以投资，国人投资渠道狭窄。第二点，房产价格高企重要原因之一是土地市场价格上涨带起来的，政府不改变土地财政依赖，房地产价格不会下来的。,0
钱赚了去无所谓，关键是发挥出作用，而不是拿去外国买地,0
当下经济最应该切断与房地产的紧密度，单一经济的过度依赖，往往是国际做空势力的对象,0
地产商只是收钱买地 地的钱又是谁收走了,0
没必要为地产商辩护吧，他们在房价疯狂高涨中的作用是最大的,0
不能怪地产商，政府导向是根本问题！,0
都有的赚，最后亏的只有老百姓，房子在地产商手里房价是不会降的，当房子全部套在老百姓手里房价必定暴跌,0
房地产奇畸型发展的万恶之源是…………各级地方政府！政府从房地产市场抽走每平方米约65%的利益输送。造成一业兴百业衰的结局。,0
房地产是国家、政府、有钱的、有权的躺着赚钱的生意，无本万利,0
制造业企业家，无一例外的不对房地产深恶痛绝。当今社会的浮躁，贫富分化，年轻人与中老年人对立，大体都与高房价有关。确实有点太离谱了。,0
现在不是不炒房了嘛，改炒口粮，苹果炒了，猪炒了，接下来是不是炒大米了，,1
大米轻易不会出现供应紧张的问题，没有炒的基础,0
听说电和气要放开了，那物价得涨成啥样,0
关键中央说了这么多年房住不炒没有用,0
太吓人了吧？肉没有少吃点没有大米是要饿死人的。,0
真要炒大米的时候，那要饿死一大批人。说难听点，现在猪肉贵，还可以不吃，可是粮食必须要吃的,0
体制问题，百姓能看懂的，难道专家团队比老百性蠢,0
说的是真话，可惜政府不作为又有何用,0
我们这里有好多没建工厂的工业地，都不给抱建。,0
开发商盖房，领导帮着去库存，，经济数据也好看，两全其美,1
这事儿，地球人都知道，您怎么才说？,1
警言！能叫醒装睡的相关人？,0
姜尚点评：过去用土地锁住农民，现在用房子锁住工人。,1
取消房屋预售制，结束房产商空手道赚钱的时代吧！,0
是时候取消房屋预售制了，这个制度早己过时，敝病太多，取消预售制，绝大多数问题迎刃而解！,0
炒房挺好啊，GDP翻倍升，有面子。但是这话也敢说，曹老下个id见？,0
应该多盖房子，把房价降下来！,0
没有利润房子就没人开发，没人开发会减少供应量，还是贵,0
大实话，起哪有能力消费，至于茅台之类哪是普通人消费的吗，九成以上进到各级官员的肚子里了！,0
昨天马云好像还有一段关于地产的观点。。,0
中国应该把几个制造业龙头企业老板组织起来，成立一个特别智囊团，专门给高层领导提合理化改革建议！,0
内需被房地产吸光了，国民六个大人钱包被掏空，国民月月在还房贷！,0
大实话，道出买不了房的人的心声。曹总真的是国内良心企业家。,1
只有制造业可以振兴祖国,0
只有年轻人关心就业收入房价？？？,0
我觉得是这样。从我的角度来看身边的年轻同事，我觉得他们毫无机会。市场已经被瓜分完毕，他们需要通过百倍的努力才有可能获取过去唾手可得的机会。而且市场（或者说宏观经济）在走下坡路，这对他们的个人发展是雪上加霜。,0
给你点赞，不为别的就为你说的是真实话。,0
其实归根到底是环境的问题,0
现在的年轻人普遍很焦虑，他们关心房价、工资和未来,0
不知道是谁自称伟大，压榨着年轻人的理想,1
每个月都在为下个月能赚多少钱而发愁,0
资本的世界，只能靠细分市场才能活下去吧现在,0
房价和工资无关，Hermes不会因为小白领月薪5000而降价。,0
一个人能买无数套房但是不能无限贷款，只要你买了房，月供总能挤出来,0
请问一居室置换的底层是什么含义？投资的话一居室到底能不能买？,0
中国股市伸手不见五指,0
不会跌的，只会用通胀来稀释房价,0
自从买房后，微博天天推房价要跌，跌尼玛啊，天天说也没跌过,0
股市的规则不定好.貂皮进去光腚出来.变成白虎.毛都不剩！,0
股市快啊。钱，分流的快，提振信心也快。新来的易主席肯定要在这上少三把火啊。,0
只有房地产死了股市才能生，股市原地踏步二十年是因为钱都跑去房地产了。,0
手里有房心里不慌,0
当代90后为啥租房啊 首先是房价贵，其次是工资低 租房是最合适的选择 ,0
突然迷茫，这样的工资和房价是常态吗，大家都是拿着56k的工资住12k的小房子，我现在的条件对比起来竟然还好一点，焦虑，真的焦虑,0
我幕了，一个月月租2万3，是我向往的生活了,0
如果当初买一套房花了200万，银行贷款140万，假如房价跌一半，市场价100万就可以在同一个小区买到面积差不多的房子，你会怎么办？ ,0
再买一套。断供是不可能的。从工资里面扣,0
权贵资本主义现状不改，年轻人就难有希望。年轻人没有希望，经济前景就好不起来,0
丝毫不差的说出了我们的心声啊，98年今年刚毕业，没有空想什么理想，能养活自己已经是万幸了,0
刚看完租房信息，然后看到这个视频，我为啥要留在成都，连自己想租的房子都租不起，连搬家的勇气都没有,0
公知一直咬死政府地价的问题。反正不能是市场供需双方博弈的结果,0
这只是其中一个原因，但不是最关键的。有些小地方地价低房价照样高，香港地大部分都是属于私人的房价照样高，美国大城市也一样。如果地方政府把地价降低，大城市房价照样跟现在一样高。如果从完全自由的市场经济来说，供不应求才是根本原因。,0
果按完全的自由市场经济发展，没有国家及政府的调控以及限购、购房资格等等的限制，中国现在那些城市的房价绝对比现在还要高！,0
房价高，房价收入比更高、远超合理水平：3～6倍。有人骂开发商，有人怪银行，有人怨地价，有人调侃丈母娘……其实，最关键的是没有根据宪法征收土地增值税：减免了个人二手商品住房交易时的土地增值税、把全民所有的土地增值收益赠给了少数卖房者——奖励炒房(减免土地增值税，初衷应该不是奖励炒房)！,0
房子被赋予了太多的金融功能。,0
建议出台法律结婚不许要彩礼 能大大提高结婚率,1
立，指的是立于理，就是三十要懂道理了.,0
生育率不足就大量引进非洲黑人给他们中国国籍不就好了，多简单。黑人繁殖能力超级强的。,0
层层摊派最终都由底层买单，买不了也就崩溃了，一层一层崩溃,0
房价是最好的避孕药,1
我来猜测一下，可能是一个不要房子的都没遇到，哈哈哈哈,0
你结婚要没要房子？？。。。,0
评论里总说百分之九十九的女生结婚都要房子，你们见过的要房子的女生有99个么？什么都张嘴就来，一传十，十传百的，然后自己就信以为真，然后就给自己不努力，找到了最完美的挡箭牌。,1
是的，真正刚需者望房兴叹，房地产开发商和炒房者却巴不得房价涨破天,1
我想说，婆婆妈也是不想结婚的原因之一。明明可以靠自己养活自己为什么就要被别人指手画脚？？？,0
而且就算那2%中的一个和你结婚了，日子过得苦，不代表不会离婚，现在离婚率都多高了啊,0
本身就和房价没关系 15年房价没涨的时候结婚率就越来越低了 我们这15年到19年房价翻了4倍 结婚的还是结婚 不想结婚的还是没结,0
那可能是你太差劲了  或者你眼光太高了  或者是你不想结婚,0
内陆结婚有房概念太深入人心了。。尤其中部。。我们这男生就是负责车房不然人家女孩子愿意她家里人也不乐意,0
不知道，反正我老家有房，我自己也买了，结婚那肯定就是两个人再一起买咯，没那么大压力,0
孔子所说的三十而立指的是三十岁要成人，要形成独立健全的人格，而不是被今天很多人所曲解的三十岁要成家立业，要有一定的财富基础，要有自己的事业,0
而立。而立？立于何处？你有房子才算能立，有了房子才算有了真正的家，才能考虑女人、孩子。不用我多说，现在各城市尤其是大城市的房价不是小数。工薪阶层要打拼多少年才能买得起一套房子？,0
工薪阶层一线城市不用考虑房子……如果上一辈没有帮忙的话……,0
真希望是向天再借500万，而不是500年。,1
付首付的那一刻起就是房奴,0
谁说结婚就要你养，都2019了，女人还要男人养吗，当然是找个一起把家庭建设的更好的人，一起出力，有多大力出多大力，挣不到钱就努力去挣钱，别人可以你为什么不可以，非要当最差的那个,0
全民造假与全民吸毒哪个危害更大呢？我认为当然是前者，全民造假是出于对邪文化信仰忠诚体现，它所造成的危害无论是短期还是长期的都是对科学严谨性的巨大挑战。由此带来的信任危机同样会扭曲青年人上进的决心。高房价、低就业率与信任危机是压垮他们未来的三座大山，全民造假也是推动全民吸毒的催化剂 ​,0
钟点工咋了？当年没投资眼光怪谁,0
我做装修的，我发现一般买房子的都不愿意买有回迁户的小区，人确实有素质高低之分，回迁户多的小区，楼道里各种菜各种鞋各种杂物，有的还摆个酸菜缸,0
他们十年前就有能力买房了，说明基本素质并不比教授夫妇差，甚至更好，有时不过是时运不济而已，能屈能伸，素质更是不错,0
大学教授，很多是做辅导员搞党团工作混上的，未必比清洁工高尚,0
这是地产时代，房价跟中国人开的一个玩笑，有点讽刺，有点黑色幽默，但无关对错无关价值，更无关阶层和身份。,0
凭什么教授就觉得自己比钟点工高级？从某种程度上看，当年的纹隔还是有一定道理的。,0
社会建设需要每个人参与，没有谁有资本置身事外,0
正解，这样社会激励机制不是一个良好的闭环，不利于社会发展,0
我每个月还房贷的时候都很开心呀,1
高房价毁掉了诗和远方？不，你本来就没有诗和远方。,0
现在的高房价严重的影响了企业之间的竞争力,0
杨伟民：高房价已经严重影响产业发展 影响科技创新,0
不去买房一切都没问题,1
大多数真扯淡，没那个能力还跑去买房，差距这么大日子是自己选的怪谁,0
等了好久终于等到解禁这一天，可以还房贷了，我是怎么做到工作十年没有一分钱存款的,0
以前觉得时间过得好慢，现在不知不觉就已经到了还房贷的时候了 ​,1
人生就是一场漫长的自娱自乐，讨别人欢心只是小聪明，每天都能讨得自己开心才是硬道理。 ​​​​从现在开始，勒紧裤腰开始还房贷和房租了，以后花钱的事儿不要找我了,0
房贷可谓是现代年轻人最大的压力，可你知道吗，还房贷也是有学问的哦,0
大家都忽略了，实体经济不行直接影响就业，失业了怎么还房贷，房贷还不上，银行怎么办。所以不敢再支持房地产了 ​,0
所以市场监管部门是不是该行动了,0
我每个月还房贷的时候最开心,1
其实适当涨一点我能理解，但是有些平时100直接涨到六七百就过分,0
哎，太贵了，坐地起价，考点附近超贵,0
政府宏观调控是可以的呀,0
需求导致价格上涨，这是符合可观经济规律的，房间就这么多，要住的人那么多，这就是谁给钱高就谁住。,0
懂了说市场经济的人，是没听说过宏观调控吧？另外知道最高限价，最低限价吗？,0
啥都要政府干预，这是市场经济。别动不动叫政府出面,0
资本家就是个笑话,0
每次考试都这样，考公务员考高考哪次不是这样，坐地涨价,0
跟你一样，在学校考，在宿舍住，在食堂吃饭，但是我考上了。,0
当年考场就在自己学校，在食堂吃饭，在宿舍睡觉 。美哉，美哉！结果没考上,1
我也是，最后二战考了双非，现在在星巴克喝咖啡,0
明明考研考工作就很费钱很辛苦，商人们还趁机坐地起价，薅羊毛,0
其实考研的学生本来压力就很大了 纯属火上浇油,0
现在一二线最良心的政策是什么？老师认为是鼓励刚需买房，否则又被投资客抄了底！刚需最大的毛病就是不懂市场，只有看到投资客进场拉高房价之后才冲忙出手，如果市场真有底，一定属于投资客！ ​,0
所有人都说90后这一代没有挨过饿，没有受过苦，可是谁又懂这一代人，房价涨幅越来越大，大部分结婚的90后上有四老下有一小，普遍工资5000左右，彩礼房贷车贷孩子老人，一切的一切让这一代90后难…… ​,0
任由资本横行推高房价的代价谁都背不起，某城市就是实例。房价调控城市主体责任需落实。,0
作为一个过来人告诫大家，住房公积金能不提就不要提。。吃过亏的,0
这是又要刺激年轻人买房呀！,1
公积金一直存银行里没用途,0
第一次知道公积金能看病,0
买1000万的房子和100万的房子，中介都是走一样的流程签一样的字，结果一个中介费27万一个2.7万，这合理么,0
炒房团又打广告找接盘侠了,0
人间天堂有点夸张了，但不可否认，泰国的房子性价比就是高,0
泰国的房产不是和中国一样，泰国是平稳增长，中国的房产是炒起来的,1
不是炒房，曼谷房子也有便宜和贵的，这个说的还算实际,0
当年看到这条新闻的时候我还是一颗精子,1
我以为泰国房产已经翻车好几年了，小编像是穿越回来的,1
柬埔寨的高楼大部分都是中国人的房产,0
我感觉我身边的90后 人都有房 都有车了啊,0
花呗额度3.3万，负债3.3万...同事帮忙拿快递时说她们预测我双十二有望破4,0
有房贷，还得养两个孩子，哪一个成本都不低，自从有了二胎，就老公上班。花钱都算计着，你说我们累不累。,0
这个东西你早晚会有 只是比别人慢一点 这姐说话还挺有意思的,0
像这种小演员一年就赚个千把万，拿什么在北京买房呀。,1
有可能还没有。有可能混的不如现在一些做直播的。他们开销也大。,0
真实的热依扎，现在买不买车的吧，可以先把号摇起来,0
发展太快，贫民窟没赶上趟,1
有城中村，城乡结合部。但是贫民窟已经很久没听说过了。再没文化，这年头送快递外卖，也能有脱贫手段。,0
没有思考过，一直觉得理所当然，我的国怎么会让贫民窟这种东西出现呢,0
每年都会有农民工返乡，离不开他们，如今扶贫路上贫民窟应该不会有,0
社会主义制度的优越性,0
因为实力不允许啊！,0
是个好人  替大家着想,1
原来跳楼价是这么来的~,1
房价让我们生不如死,0
小伙子一听，瞬间失去跳欲,0
哈哈不要跳房价会掉 好实在的阿姨啊,0
阿姨:你跳了这房子我们还咋卖啊。。,0
哈哈哈，楼盘要降价，转移注意力,0
房价崩盘了，小伙考工薪能买或敢买吗？,0
小伙子还是很善良的，为了大家的利益还是好好活着吧,0
小伙子是怕房价涨了为难大妈吧,1
真特别抑郁的话 大妈这么说可能会当场直接跳下去,0
不跳房价也会跳水！！,1
作为一个南阳小伙，不知道一个不上线的城市房价竟能炒到这么高,0
百度自从竞价排名开始，就彻底放飞自我,1
垄断巨头可不就是这样不思进取慢慢腐朽吗？山中无老虎猴子称大王,0
我我我，我要离家出走了,0
房子是用来住的 不是用来炒的,0
：这是一个充满了活力和机遇地城市，是一个积极上进的地方，有太多的爱和依赖，只是生活太多的无奈，就要看谁有足够的勇气留下来了。宁舍老家一套房，也要北京一张床，梦想，又有多少人能坚持呢？,0
希望有为的年轻人都回去建设家乡，让更多的地区发展起来,0
北京这么不宜居，还是回去建设家乡吧,0
高考的时候世界有多热情，考研的时候世界就要多无情，除了考研人谁会同情你？,0
高考是一群人的战斗，考研是一个人的朝圣,0
高考考研. 都是在为自己的前途奋斗，为什么要别人来同情？,0
人民网给予持续关注，应该能得到重视，并能够把更大范围内的类似现象都遏制一下是最好的了，希望如此。,0
男足会赢，股市会涨，房价要跌,1
底层百姓生活还是有压力，毕竟物价上涨嘛,0
物价可控。。。肉类都涨了多少了，说话不怕天打雷劈啊,0
一时上涨可以，别降不下来了,0
蔬菜是会浮动的呀，冬天八九块，夏天两三块。还有打算，以前也贵过，后来又降下来了,0
得知这个好消息后我赶紧去菜市场看了看猪肉，总算有勇气敢看一眼猪肉了！,1
现在衣食住行都缺乏幸福感,0
今年肉价突然暴涨，也许是个巧合，只希望后几年的价格可别像你们房价控制的那么平稳就好,1
说好的逆周期调节，此时不出手更待何时？若真听专家的，20年前我们就控制了房价，控制了M2，请问现在的中国是什么样？ ​,0
控制房价？多可笑，如果房价能控制，那猪肉价格也能控制。 ​,1
高物价体现高消费，高消费体现高收入嘛,1
住房占了多半，所以房价的控制对于社会的意义怎么说都不过分,0
都这个时候了，央行还在强调“不将房地产作为短期刺激经济的手段”，严格控制房价应该基本政策了！虽然开发商间传言佛山明年可能放开限购，但就目前高压态势来看，似乎很难！ ​,0
天天再说房价控制住了，猪肉跌了。谁买谁知道,1
只有严厉打击炒房团、二房东以及房产中介，才能有效控制房价虚涨。 ​,0
我觉得这个观点中肯话糙理不糙，住房供给过剩，和房价过高这两者之间的协调配合，就看政府怎么打这手牌,0
香港的问题是房价过高的，港币估值太高的问题，关键主要做多香港房地产，往香港注入多资本的是谁。港币不贬值，房价不跌，这场革命就不会停。 ​,0
高房价对人才吸引力产生极大的负面影响。深圳要取代香港需要控制房价，房价过高对新兴产业高级人才是一种损伤，过低也是人才层次偏低也是一种损伤。,0
中产最大的焦虑：房价涨不上去。房产在中国家庭的资产构成中比例过高，超过80％以上为房地产等固定资产。房价横盘或下跌意味着个人资产不再增值，甚至贬值。因此，楼盘降价不超过10%的类似“跌停板”规则保护的并不是业主权益，而是保护人们对房价的预期。,0
房价过高对实体经济真是没有什么好处，商业用房的房租需要好好的降一下。买房的人是贪婪的，这个就是人性。,0
我觉得中国大陆就算贫富差距再大，也不会搞什么分裂，因为我们从小接受的教育就是有国才有家。,0
经济基础决定上层建筑,0
陈平老师真是有点牛逼……预测的好多东西都应验了……,0
老师预测美国退休金要和中国基建绑在一起，昨天美国退休基金就宣布投资中国国债,0
我看他去年的视频   预测的事基本都应验了    有这种大神  国之幸   民之幸,0
看完了，细思极恐，这个是真大预言家，视频截止到十月，都中了，林郑好能忍，会是阿中授意的吗？黑手继续冒，等应验后续戏码，刺激,0
这图做得也够奇葩，价格就跌那么一点点，图做得跟房价跌了90%似的,1
基数在那呢 哈哈 再跌也是买不起,1
问题是如果把时间轴拉长，这图形意义又不一样，原来是长牛过程中微不足道的一次反弹。,0
如果真的投资为目的的，房价不涨就是每天在亏钱了，何况还是下跌趋势！看的是走向，而不是多少钱,0
深圳真牛啊。房住不炒，深圳老百姓真有钱！,1
房价突飞猛进，经济下滑一步一台阶。,0
听完房价如葱后我就拿钱去创业了，现在一无所有。,1
谁给你的胆子竟然打起在超一线城市买房的注意，是穷吗？,1
我差的是100吗？我差的是100万啊,0
马云买什么都像买葱,1
还是观念问题 我就觉得房不需要买 我爸妈觉得我脑子坏了,0
租房你租一辈子真不可能，理论上是可行的但是用有突发事件吧？而且中国大环境观念你得买房啊，你不买房我真不信另一半受得了，以后有孩子了总得有个窝稳定吧，我小时候也想租一辈子现在这个念头没了,0
哈哈哈，这个封面真的十分形象了，可惜我们不是马云,0
中国人口那么多人。要买房子的人那么多 房子跌价是根本不可能的,0
有钱还是要买 比买基金划算啊。没钱就不要买了   累死累活一辈子 没意思,0
掏空钱包，也买不起，来自底层人民的呐喊,0
那就真的不要买了 太累了  何必呢  建议不生孩子不结婚  这样有什么慌的。,0
现在北京的房子真的是太吓人了 ,0
北京的人口少一些 房价不久下来了吗,0
不太同意，城市也越扩越大，一线城市老城区房子都拆不起了，一直往外扩楼盘，一栋楼三十多层，什么时候才能拆。,0
说到为什么没有买房的需求 主要是连户口也莫得,0
房价在我看来不可能跌的,0
北京的房子我这辈子都不要想了,0
我要两百块购房启动金,1
高铁一通，你小地方的房价反而如葱。,1
有网友爆料，说未来房价如葱的马老师昨天买葱了,1
我们天天中一注双色球，也追不上他。房子对他来说，就跟我们买瓶水一样,1
对他来说这就是买葱啊，白菜价,1
一个杭州人，在上海也没交社保，哪来的资格买上海的房子,0
对人家来说，买8000多万的房子确实像葱。马云说的没毛病,1
马老师不用摇号嘛？,1
房价如葱这个词经常能拐到。是不是说坚持卖葱有一天会走向致富。,1
90后要成家买房的时候，房价正好刚刚翻完一倍。,1
中国房价涨的最快了。,0
90后就是这个社会的接盘侠啊,1
所以，90后的尾巴表示要努力赚钱，从现在开始,0
90后以后还是开始租房子吧 太难了,0
在大多数九零后结婚之际，房价会大幅下跌的,0
当代90后都买房了 我就差个陪我看房的伴了 ​,0
博士跟赚钱多少真没必然关系，更不是因果关系，书中自有黄金屋没错，但这不是说学历，是知识的转化能力,0
跟知识转化能力也没多大关系。而是看行业，风口。比如金融，房地产，互联网…,0
是不是要求太高了？我看周围很多人买200万左右总价的房子，压力不大的。博士又是业内最好单位，不至于啊。,0
博士买200万的房也没压力，问题是上班路上要几个小时，教育学区都是差的，好的资源他都享受不到。,0
已经这样了吗？其实还不如回去呢。一回家就有几十万的人才引进费，还能跟父母多在一起，关键是受到尊重，有成就感的。生活很安逸。基本上没有什么需要你操心了,0
武汉人。觉得武汉特别好，只是没有合适的岗位，北京才有。。。,1
北京是全国的政治经济中心，全国，甚至是全球的利益在这里汇集，交换和分配，不说存量的博士，就算新毕业的博士就有成百上千，如果每个新毕业博士都能6年买得起北京的房，那才是不合理,0
我只知道。我毕业年薪能给30w我就烧香了,1
深圳房价上涨的模式已经开启，会成为一线城市上涨的领头羊吗？,0
到不了的叫远方，伤不起的叫地产,0
不愧是社会主义先行示范区，全国都要跟上,1
涨一万降几十，即使降价了，房贷利率上涨了呀。有几个全款能买的，全款能买的都是大户。,0
我缺的是那一点钱吗？,1
你在降价，穷人也买不起,0
坚持住，我们都不买房,1
我是差那1%的人么,1
伪二线城市房子大跌，买房的把售楼处都砸了,0
没有学术自由，混口饭吃而已,0
因为他们经济不独立，谁给发工资？ 所以说的话也不可能是心里话,0
房价走势大局已定：跌。,0
就是当年太多人听你这样的人说，才搞得有些人现在都没买房。,0
：网络太可怕，希望房价涨的托儿留言一波一波的,0
房地产不应是支持经济发展的产业支柱。这话反正谁都会说。大哥你就直接说怎么让老百姓都富起来吧，然后说完去一线身先士卒去！,0
：把钱从左兜移到右兜，那能发财吗？出去把钱抢回来那才叫发财。房地产就是钱从左兜挪到右兜。其他的你自己脑补，多看看新联播吧。,0
我觉得再大幅上涨太难了,0
如果房子在普遍爆涨的话，那么我们的整个国家经济就完了,0
“房价走势和人口走势吻合得非常好，目前房价下行是人口趋势造成的。” ​,0
北京政治首都、上海经济首都、深圳科技首都，未来的方向！,0
政治首都房价比经济首都还贵，太不给经济首都面子了，赶紧降一半压压惊！,0
浙江贫困地区丽水为何这么高？,1
浙江省最争气，上榜最多,1
我猜校长想说的是增量资金是赢家，增量资金喜欢的股票是下一步选股方向，增量资金可见的有北上资金，保险资金,0
有故事，且不是强兑现逻辑的，参考保定副中心概念因雄安新区，彻底破灭导致房价下跌。,0
杭州2万7。。 地下室的价格么,1
准不准我不知道，我只知道我大长沙，我差点以为榜上没有名字，而且两个月只相差3块钱，哈哈哈果然是房价把控最严的城市,0
犹记得2008年猪肉上涨的场景，“专家”说会回落，结果一去不复返，房价也猛涨起来。,1
猪肉的价格已经让我觉得二师兄配得上嫦娥了。,1
不要跌的太多，如果打击到养殖户，可能有会大的涨幅,0
今日北京市明确禁止违法群租，上班族工资不多，北京物价开支很高，群租合组也是无奈之举。如果在一线城市生活，你会选择合租嘛？,0
北京物价最稳，河北物价涨得最多。 ,1
禁止你倒是管管那些炒价格的中介啊，高价抢房源，然后全转嫁到租房者身上，如果价格合理谁爱和别人合租呢,0
之前大家问我北京物价高吗，我说还行。现在我觉得不行了；出租房水龙头坏了，找了个师傅来修，五分钟换了一个水龙头，收费240元,1
被北京物价折磨的第四年,0
北京物价播报：地铁口的鸡蛋灌饼已经9元一个了。 ​,0
北京物价挺实在！不高 ,1
都在涨，猪肉涨价有没有去物价局抗议的,0
你们也可以涨啊，所有美团订单加价22%就可以啊，抗议个毛线。,0
一个出租车司机说：热烈庆祝实现全面小康还有一个半月。,1
所以过年我们可以吃到猪肉了吗？,1
美团，饿了么像不像当年的滴滴和快滴？餐饮人就如同当年的出租车司机。,0
猪肉涨价属于天灾，又不是恶意涨价扰乱市场，你抗议啥,0
房价飞涨，物价飞涨，工资不涨，这是老百姓对经济体的最直观的感受！原因是什么？就是因为货币超发，严重超发！通货膨胀是掠夺劳动人民财富的最有效工具. ​​​,0
看来北京物价还好？,1
到生活压力，最直接的无非就是房价、物价和收入之间的关系。北上广深虽出了名的高物价高房价，但人均收入水平在全国也是遥遥领先，所以很多人找到一份稳定的工作后，并不算艰难！而工资低房价却出奇的高你敢在这里生活吗？,0
排名第一妥妥厦门岛内，房价跟北上深并列第一梯队，收入在东南发达城市属中等且高收入职位少 ​,0
福州人均GDP 低于厦门，但是很多重量级数据比厦门高。 泉州就别说了，真金白银数据，完全比不过福州。,0
福州就是总量人均比不过拉个别的来比啊，长点心吧,0
不会吧，厦门哎，我感觉是很好的地方，会比重庆差吗,0
当代90后为啥租房啊 首先是房价贵，其次是工资低 租房是最合适的选择 ​,0
混了这些年，现在工资还是毕业时候的房价。而现在房价却翻了一番,0
每一天，物价房价蹭蹭上涨，工资却变化不大的每一天,1
里皮回到意大利跟朋友们说：中国人不好伺候，我5天的工资就可以买广州150方的房子，他们竟然还说房价贵。,1
特别心塞，对于我们这种在底层的的打工一族来说，存钱的速度永远赶不上物价房价上涨的速度。 ​,0
世界上有这么一个国家自述发展中大国，却有着发达国家水平的房价，求该国工资水平？ ​,0
股市就是菜市场 猪羊牛肉一框框 只要方法掌握好 物价上涨咱不慌,0
疲惫的经济，物价上涨，人民币贬值！,0
物价上涨，国宝只能啃萝卜了,1
猪肉价格上涨不会导致物价全面上涨 年底前供应有望逐步稳定和恢复,0
去掉猪肉和食品就是物价稳定 去掉穷人就是全国人民都富裕了,1
领导你们买过菜吗？,1
一会儿不会全面上涨，一会儿不会全面持续上涨，文字游戏玩的溜溜的,1
能写出这样文章的脸皮比万里长城还厚,1
去掉千岁前死亡的，国人人均寿命全太阳系第一吧。,1
已经全面上涨了啊，连粥都涨了好么？我生活的城市特意涨我一个人的？,1
都是猪肉新闻，看来这猪肉问题不是一般,0
万事有开端，去掉开始就没有结束,0
应该是由于二师兄涨价，分流了货币压力。所以许多人头昏脑胀的胡说八道,0
今天圣诞点灯是不是早了点？别人在看灯，我在准备论文…最近物价上涨，只敢逛校内小超市了，没有打折的活动不要叫我。,0
物价上涨大家都不习惯，但慢慢的大家也很习惯所有物价都不降价。 ​,1
物价上涨，女孩居然放弃租房睡大街，只为了能抽上烟喝上酒 ,0
民币正在以一年100元变93元的价值。物价上涨，奶粉贵！菜贵，肉贵！人多。虽然说现在的时代比30年前好很多，但是还是觉得生活好难过,0
要么是我工资上涨的水平没有赶上物价上涨的速度，要么是我这两年变穷了，或者房价太高了。 ​,0
日本物价还是太高了，连内裤都要靠偷。,0
上海的物价再这么涨上去 真的要卷铺盖走人了,0
我也想，毕业后租房怎么办呢？上海物价太贵了 ​,0
今天去小区外头打印东西…真真正正感受到上海物价，马上购物车加入一台打印机,1
我家 小破地方 消费意外很高 之前听说上海物价高 结果去了 好像除了房子比我们那贵 其他都差不多。,0
深圳空地还是很多的，不开发而已吧。,0
房价崩了，年轻人刚好可以回去，然后房价又涨了……,0
和父母同城居住，其实问题很多，想搬出去但是面临的问题更多，好累。,0
我刚搬出来一年，租的房子离我爸妈家里开车五分钟，说真的，爽翻爆炸，花钱买清净，还促进家庭和谐,0
我就是老公家在深圳有房，但是搬出来租房子住了，跟公婆住在一起不愉快，自己买房子供房贷压力又太大。,0
不要跟自己的父母和公婆同住，可以住在一个城市，方便去照看，但千万不要同住，会产生矛盾的！,0
唉我一个人在出租房里孤独的想家，对于能和父母住在一起的，嫉妒到爆炸,0
我去看牙医，牙医很好奇，我怎么把牙整碎了，我说我在微博上看到有人说一咬牙就能买的起房子，我也想试试,1
牙口真好，吹牛都不漏风,1
然后自己一咬牙买房子了,0
牙口真好 哈哈哈哈哈哈,1
我相信牙齿不答应你,0
你那个就是卫生间在卫生间放了张床吧,1
厦门人惊了，岛内真不知道有这么便宜的房子……是不是在钟宅的那个村子里？？,0
我的妈，一线城市2000以下怎么做到的,0
500在北京，把自己其他二线城市的房子租出去抵房租…,1
看来看去还是宿舍划算,0
看我之后的感觉是无论大家住在多少钱的房子里都拥有向上的希望,0
距离拍摄结束已经过去了一个多月 请问张特价涨工资了吗,0
应该从便宜的开始看，给人一种努力就能进步的错觉,1
同样是90后，个十百千万十万百万千……我去睡个觉,0
我前公司大老板住在第一个视频里的房子，红树西岸；第二个视频是二老板住的星河丹缇。好真实的感受，来深圳20年，刚在深圳找工作的时候住过一个月阳台，也住过600元一个月的城中村，总共搬了15次家。10年前在深圳买房安家了。,0
在深圳四五千工资真的低。加油,0
最后一个…真的是很有共鸣了，好在我们都在一步步的努力，一步步的有所提高,0
毕业第一年在武汉的时候就是住的最后一位那样的房子，那个时候上班压力太大，又没有朋友帮忙排解，以至于天天晚上哭，现在选择退一步到小城市，好像被磨灭了一些东西。希望各位加油！,0
我看到特价了,0
北京常住人口比上海少近15%，如果象下面说的北京住房总市值比上海高10%，而目前北京房价和上海差不多，除非北京住房总量远大于上海，否则下面的数字有问题。。,0
感觉一线城市的房价增长速度与人口增长速度背离了，一线城市房价可能真的会降,0
一线城市又不一定人住那就买，投资客也很多,0
不对，会有二线城市的人口源源不断地补充。毕竟一线城市有更好的资源,0
所以到底是是一线虚高还是二线低估呢？呵呵,1
深圳住房存量比广州高这么多啊？深圳才180万套商品房存量。,0
刚看到说广州才164万套商品房。感觉跟印象不太相符,0
北京房产总套数760万套，总市值不低于30万亿。,0
体现房地产泡沫的感觉最重要的一项是空置率，但是很少有人提到这个数据，为什么呢,0
产权不联网，这个很难确切统计,0
一线仍然会涨，金融性质体现而已,0
那么一线城市高科技产业和创新产业这么多年来增加多少呢,0
：城市人口占比，没想到只增长了这么点,0
没事，房地产迟早会有美国一样的次贷危机。如果一个国家不能安居乐业，那么这个国家离衰败就不远了。,0
一线城市被低估，二线城市厦门杭州南京被高估，    二线城市成都重庆被低估,0
三四线人数少了房价还节节攀高,1
的涨的，大家安心肯定涨的，涨到人绝望，涨到人放弃,0,comment:@人民网 【农业农村部回应猪肉价格上涨：生猪生产将逐步恢复】近期猪肉价格持续高位运行，受到各方高度关注。农业农村部市场与信息化司、畜牧兽医局有关负责人31日表示，这轮猪价上涨是非洲猪瘟疫情与周期性因素叠加的结果，当前肉类供应有保障，生猪生产将逐步恢复。（新华网）
北上广深GDP占全国GDP八分之一。,0
中国物价总水平处于正增长，没有通缩，中国并未向世界输出通缩，中国是“被通缩”，中国希望世界经济复苏。全球财经新闻直播,0
中国物价必涨。人民生活水平一定下降。,0
中国物价水平保持温和上涨,0
是我太久没买衣服了吗？不知道现在物价上涨的那么厉害？天气转冷，想去买两件卫衣来晚上跑步穿，打开淘宝，全都是几百块钱一件的。。。。默默的关掉,0
涨价也不是一夜之间涨那么多的，回落也是有个过程，希望过年的时候能吃上十几块的猪肉,0
从33掉到25不算回落吗？不可能一下子掉回去的,0
蛮大的，我挺知足了，我们这下午已经可以买到20块钱一斤的后腿肉，,0
回落有时间 哪有那么快到处都是猪肉  哪个喊你不善待猪猪,1,comment:@人民网 【农业农村部回应猪肉价格上涨：生猪生产将逐步恢复】近期猪肉价格持续高位运行，受到各方高度关注。农业农村部市场与信息化司、畜牧兽医局有关负责人31日表示，这轮猪价上涨是非洲猪瘟疫情与周期性因素叠加的结果，当前肉类供应有保障，生猪生产将逐步恢复。（新华网）
禽流感还记得不，鸡蛋不值钱，没人吃，这次猪瘟没人吃，却涨价了。,0
精瘦肉从38降到28了，普通肉24-25买的到。降了挺多了，以后会回归合理价位的。,0
现实中被人糙多了可以选择报警，不要在网络上刷存在感。,0
房价涨的飞快但也有个过程，是三到五年价格翻倍，而猪肉是可见的一天一个价，从11～13到昨儿菜市场刚问的33一斤（坐标中部某省会旁边的小城市）。另外，拿猪肉和房价比没啥可比性，房价上涨并不是说没房子住了，只是改善性购房成本更高，而猪肉涨了是生活水平的全线下降,0
苹果呀！！今年上半年好贵真的都不舍得吃，现在降价得太便宜了又不想吃了哈哈哈,1
我们成都这边卖猪肉的师傅都说不会降到以前了,0
苹果现在都降到两块钱一斤了，怎么不会回落,1
涨价的菜是不会回去的，不知道猪肉还能不能回10几块，不过苹果倒是便宜回去了,0
不可能了，灌进来的水，总要有说法的，房子不让涨，股票涨不动,0
我喜欢的面条价格不会再降回去了,0
市场会自我调节的，供给上来价格降低是必然,0,comment:@人民网 【农业农村部回应猪肉价格上涨：生猪生产将逐步恢复】近期猪肉价格持续高位运行，受到各方高度关注。农业农村部市场与信息化司、畜牧兽医局有关负责人31日表示，这轮猪价上涨是非洲猪瘟疫情与周期性因素叠加的结果，当前肉类供应有保障，生猪生产将逐步恢复。（新华网）
猪肉是生活必须品，每年中国人消耗的猪肉大概在8700万吨左右，如果今年市场中出现一亿吨猪肉，价格就一定会下降，如果不信请对比年初时苹果的价格与现在苹果的价格,0
:是的 鸡蛋 我从4块多5块不到一斤 买到现在7块多一斤 也就这几个月里的事,0,comment:@人民网 【农业农村部回应猪肉价格上涨：生猪生产将逐步恢复】近期猪肉价格持续高位运行，受到各方高度关注。农业农村部市场与信息化司、畜牧兽医局有关负责人31日表示，这轮猪价上涨是非洲猪瘟疫情与周期性因素叠加的结果，当前肉类供应有保障，生猪生产将逐步恢复。（新华网）
农民根本没多赚着啥好不好 这农副产品涨这么多钱都哪去了 你还真以为都跑农民手里啦？？？,0
同意你的观点，但非洲不是一个国家哦,0
就像房价一样，涨到上万了你还想跌回几千吗……,1,comment:@人民网 【农业农村部回应猪肉价格上涨：生猪生产将逐步恢复】近期猪肉价格持续高位运行，受到各方高度关注。农业农村部市场与信息化司、畜牧兽医局有关负责人31日表示，这轮猪价上涨是非洲猪瘟疫情与周期性因素叠加的结果，当前肉类供应有保障，生猪生产将逐步恢复。（新华网）
上学期听说鸡蛋涨价，我们餐厅的卤水蛋也跟着涨了，到现在不知道鸡蛋降价了没，反正再也吃不到以前价位的鸡蛋了,0
去年的这个时候，我一个人吃都是去买猪肉五六块钱的量，现在五六块啥都买不到,0
房价涨了这么多年，也没降过几次呀,1,comment:@人民网 【农业农村部回应猪肉价格上涨：生猪生产将逐步恢复】近期猪肉价格持续高位运行，受到各方高度关注。农业农村部市场与信息化司、畜牧兽医局有关负责人31日表示，这轮猪价上涨是非洲猪瘟疫情与周期性因素叠加的结果，当前肉类供应有保障，生猪生产将逐步恢复。（新华网）
不知道这层楼的各位都是什么地方的，反正我们那小镇上，今年6月份的时候猪肉还9块钱一斤，后来7月开始，一天一个价，一直涨到现在的30,0
我去年去菜市场买菜的时候真的是十块钱一斤，而且我经常去买，可能有的地方要十几块，那又怎么样，有什么可讽刺的，难道人家十块钱一斤就说谎了，价格不一样而已,0
层主没有说错啊，每个地方物价都不太一样，坐标郑州，今年过年前后猪肉真的八九块一斤,0
十块一斤是十年前的价格？？？？猪肉没涨前  五月份猪前腿后腿9.8  腰条8.5  现在回落  腰条24  前后腿27,0
关键价格那么贵，猪农到底有没有挣到钱？,0
你们都是生活在什么地方？？？以前十块左右的猪肉在我们那很常见的好吗？？？？,0
做生意就是这样，有赚有赔，能做的就是多为农民找销售渠道，尽量做到供需平衡,0
之前托甘肃室友的福尝过一次那边的苹果，品种好像是叫花牛（妞？），脆甜脆甜的！超级好吃！,0
妈的，我这边超市苹果最便宜也要4.5,0
种萍果的辛苦钱都让不种萍果的商贩挣走了,0
中间管道有问题，一二线城市就快吃不起苹果了。,0
为啥我们这边这么贵，都是八九块，十几块的都没有！果农可以借用政务平台异地销售啊，就算五折处理也比几毛钱好啊，应该帮扶一把！,0
差价都被中间商赚走了，我怀疑有垄断,0
以前在家每天吃一个苹果，来了兰州读书后就不怎么吃苹果了，今年到现在为止还没吃过,1
农民真不容易，有力出力吧！吃货们行动起来！,0
圣诞节苹果不是会升价嘛,0
说是滞销，等我去买的时候发给我的品质和描述的差很远。我还是老老实实去超市吧,0
我都吃不起苹果…你跟我讲卖不掉,1,comment:@人民网 【农业农村部回应猪肉价格上涨：生猪生产将逐步恢复】近期猪肉价格持续高位运行，受到各方高度关注。农业农村部市场与信息化司、畜牧兽医局有关负责人31日表示，这轮猪价上涨是非洲猪瘟疫情与周期性因素叠加的结果，当前肉类供应有保障，生猪生产将逐步恢复。（新华网）\\2019年炫富单品猪肉
苹果降价了吗？？？还是好贵，恰不起水果,0
家里的苹果不但价格便宜 而且又脆又甜 我爱了,0
现在二师兄的价格暴涨，猪肉成为了炫富的手段,1
年头，如果说吃猪肉算是寻常炫富，那么，吃侯师傅的大肘子，应该是史诗级的炫富了,1,comment:@人民网 【农业农村部回应猪肉价格上涨：生猪生产将逐步恢复】近期猪肉价格持续高位运行，受到各方高度关注。农业农村部市场与信息化司、畜牧兽医局有关负责人31日表示，这轮猪价上涨是非洲猪瘟疫情与周期性因素叠加的结果，当前肉类供应有保障，生猪生产将逐步恢复。（新华网）\\2019年炫富单品猪肉
毕竟现在吃猪肉都是“非富即贵”的人,1
给大家表演一个吃猪肉炫富 ​,1,comment:@人民网 【农业农村部回应猪肉价格上涨：生猪生产将逐步恢复】近期猪肉价格持续高位运行，受到各方高度关注。农业农村部市场与信息化司、畜牧兽医局有关负责人31日表示，这轮猪价上涨是非洲猪瘟疫情与周期性因素叠加的结果，当前肉类供应有保障，生猪生产将逐步恢复。（新华网）\\2019年炫富单品猪肉
现在可是炫富新贵族。赶紧克服猪瘟，让老百姓吃得起猪肉！ ​,1,comment:@人民网 【农业农村部回应猪肉价格上涨：生猪生产将逐步恢复】近期猪肉价格持续高位运行，受到各方高度关注。农业农村部市场与信息化司、畜牧兽医局有关负责人31日表示，这轮猪价上涨是非洲猪瘟疫情与周期性因素叠加的结果，当前肉类供应有保障，生猪生产将逐步恢复。（新华网）\\2019年炫富单品猪肉
今年最好的炫富方式是吃猪肉，,1,comment:@人民网 【农业农村部回应猪肉价格上涨：生猪生产将逐步恢复】近期猪肉价格持续高位运行，受到各方高度关注。农业农村部市场与信息化司、畜牧兽医局有关负责人31日表示，这轮猪价上涨是非洲猪瘟疫情与周期性因素叠加的结果，当前肉类供应有保障，生猪生产将逐步恢复。（新华网）\\2019年炫富单品猪肉
2019年炫富新方式~晒猪肉！,1,comment:@人民网 【农业农村部回应猪肉价格上涨：生猪生产将逐步恢复】近期猪肉价格持续高位运行，受到各方高度关注。农业农村部市场与信息化司、畜牧兽医局有关负责人31日表示，这轮猪价上涨是非洲猪瘟疫情与周期性因素叠加的结果，当前肉类供应有保障，生猪生产将逐步恢复。（新华网）\\2019年炫富单品猪肉
今天又是炫富的一天 我吃韭菜猪肉饺子呢,1,comment:@人民网 【农业农村部回应猪肉价格上涨：生猪生产将逐步恢复】近期猪肉价格持续高位运行，受到各方高度关注。农业农村部市场与信息化司、畜牧兽医局有关负责人31日表示，这轮猪价上涨是非洲猪瘟疫情与周期性因素叠加的结果，当前肉类供应有保障，生猪生产将逐步恢复。（新华网）\\2019年炫富单品猪肉
听说最近猪肉涨价，发个“炫富”照,1
我怎么没感觉到下降，猪肉即将成为2020年过年新的炫富工具！ ​,1
这年头还真有人朋友圈用猪肉炫富啊……,1
天天吃猪肉，我炫富了吗,1
据说，当下中国最低调的炫富就是吃猪肉,1
今年过年的炫富形式大概是猪肉自由叭 ​,1
吃猪肉饺子就算是炫富喽,1
储存猪肉就是最大的商机,1
最近，可能连二师兄自己都没有想到，自己会这么值钱，比唐僧肉还值钱，猪肉也成为了新的“炫富”方式，遇到吃得起猪肉的就嫁了吧！ ​,1
猪肉，炫富，晓得不？,1
唉呀妈呀！！吃猪肉都要分期付款了,1
家里啥条件啊？有矿啊？这么吃猪肉，炫富啊,1
大中午的就有人晒要吃猪肉了，我有两头猪我炫富了吗？我膨胀了吗？不发出来好像谁没点家底似的,1
个多月没吃过猪肉，今天还是吃的70块钱一斤的排骨，差点忘记发微博炫富了。 ​,1
现在吃得起猪肉的我都觉得是炫富,1
并没有，生活好难，越来越穷，两年前发现吃水果要精打细算，现在猪肉也吃不起了。朋友圈吃猪肉炫富的时代来了。 ​,1
猪肉真的吃不起了。。。。现在炫富的模式应该是我家有多少头猪吧,1
中午吃饭，我把排骨还有另一道菜里的猪肉全都挑出来扔了，同事说我这才叫炫富哈哈哈 ​,1
做活动的时候随便拿的，刚要煮的时候发现是猪肉馅儿。四舍五入我这也算炫富了吧？ ​,1
猪肉馅饺子就蒜，这年头算不算炫富？,1
女儿想吃猪肉，便带她瞒着妈妈去饭店。正在点菜时，女儿悄悄跟我讲，后面吃饭人说，这人好像是文老师。我急忙跟她说，今天真不能公开吃猪肉了，不然会有人说我们家炫富。,1,comment:@人民网 【农业农村部回应猪肉价格上涨：生猪生产将逐步恢复】近期猪肉价格持续高位运行，受到各方高度关注。农业农村部市场与信息化司、畜牧兽医局有关负责人31日表示，这轮猪价上涨是非洲猪瘟疫情与周期性因素叠加的结果，当前肉类供应有保障，生猪生产将逐步恢复。（新华网）\\2019年炫富单品猪肉
听说现在炫富都是晒猪肉,1
双十一炫富：家里每天都有猪肉吃，今天吃的是香芋蒸排骨,1,comment:@人民网 【农业农村部回应猪肉价格上涨：生猪生产将逐步恢复】近期猪肉价格持续高位运行，受到各方高度关注。农业农村部市场与信息化司、畜牧兽医局有关负责人31日表示，这轮猪价上涨是非洲猪瘟疫情与周期性因素叠加的结果，当前肉类供应有保障，生猪生产将逐步恢复。（新华网）\\2019年炫富单品猪肉
我觉得我必须炫富一下，猪肉馅灌汤烫面蒸饺！！,1
这年头，如果说吃猪肉算是寻常炫富，那么鲍鱼红烧肉就应该是史诗级的炫富了。一口咬下，最难将息…… ,1
这是一个炫富的博，为啥，因为是猪肉韭菜馅的,1
在这个吃猪肉都是炫富的时期，一定要为单位食堂打call，,1,comment:@人民网 【农业农村部回应猪肉价格上涨：生猪生产将逐步恢复】近期猪肉价格持续高位运行，受到各方高度关注。农业农村部市场与信息化司、畜牧兽医局有关负责人31日表示，这轮猪价上涨是非洲猪瘟疫情与周期性因素叠加的结果，当前肉类供应有保障，生猪生产将逐步恢复。（新华网）\\2019年炫富单品猪肉
每天都想分享猪猪，因为猪肉很贵，我在炫富,1
炫富包哈哈哈哈哈哈我装几斤猪肉进去吧够不够炫？？？ ​,1,comment:@人民网 【农业农村部回应猪肉价格上涨：生猪生产将逐步恢复】近期猪肉价格持续高位运行，受到各方高度关注。农业农村部市场与信息化司、畜牧兽医局有关负责人31日表示，这轮猪价上涨是非洲猪瘟疫情与周期性因素叠加的结果，当前肉类供应有保障，生猪生产将逐步恢复。（新华网）\\2019年炫富单品猪肉
买猪肉已经成为2019年的新式炫富方式,1
上午买了斤猪肉走在街上居然有种炫富的赶脚～,1,comment:@人民网 【农业农村部回应猪肉价格上涨：生猪生产将逐步恢复】近期猪肉价格持续高位运行，受到各方高度关注。农业农村部市场与信息化司、畜牧兽医局有关负责人31日表示，这轮猪价上涨是非洲猪瘟疫情与周期性因素叠加的结果，当前肉类供应有保障，生猪生产将逐步恢复。（新华网）\\2019年炫富单品猪肉
这，是不是刺裸裸的炫富！听说，猪肉开始降价咯？,1
看了好几个做菜视频怎么全是用猪肉做菜的，这些博主是在炫富吗,1
猪肉37一斤，以后炫富新方式就是：我顿顿吃猪肉，天天吃排骨，周周啃猪蹄！ ​,1
现在猪肉好像是极贵的，然后我早上大脑短路，点了一份瘦肉云吞再加一份瘦肉......看到账单的我已经莫得感情。跟朋友诉苦，都说我炫富。,1
老爹说大理菜市场的猪肉价格直接翻倍，终于跟上城里的节奏了，以后不能好好炫富了,0
据说现在能吃猪肉象征着生活水平比较高，我是不是一不小心炫富了,1
拎着一条猪肉逛街，炫富的最新方式。,1
好久没买猪肉了，终于赶上炫富的潮流,1
湾湾这个时候应该说大陆人民吃不起猪肉，这样说我确实不太好炫富,0
吃猪肉好像成了土豪炫富的标配,1
猪肉28一斤了，买完卖猪肉的都说拿出去了挂脖子里炫富吧，生活太难了，吃不起 ​,1
据说这是现在炫富的最佳方式,1,comment:@人民网 【农业农村部回应猪肉价格上涨：生猪生产将逐步恢复】近期猪肉价格持续高位运行，受到各方高度关注。农业农村部市场与信息化司、畜牧兽医局有关负责人31日表示，这轮猪价上涨是非洲猪瘟疫情与周期性因素叠加的结果，当前肉类供应有保障，生猪生产将逐步恢复。（新华网）\\2019年炫富单品猪肉
以后炫富直接问餐桌上有肉吗,1,comment:@人民网 【农业农村部回应猪肉价格上涨：生猪生产将逐步恢复】近期猪肉价格持续高位运行，受到各方高度关注。农业农村部市场与信息化司、畜牧兽医局有关负责人31日表示，这轮猪价上涨是非洲猪瘟疫情与周期性因素叠加的结果，当前肉类供应有保障，生猪生产将逐步恢复。（新华网）\\2019年炫富单品猪肉
你觉得我在晒晚餐，不，我是在炫富 猪肉真是太贵了,1
这不是在公然的炫富吗？太欺负人了，好久没吃猪肉了。。,1
我一直在吃辣条，最近听说猪肉挺贵的。我这些辣条都是猪肉做的,1
自从猪肉涨价后，难得吃块猪肉，这一片老肉片可能要七八元吧……会不会有点炫富,1,comment:@人民网 【农业农村部回应猪肉价格上涨：生猪生产将逐步恢复】近期猪肉价格持续高位运行，受到各方高度关注。农业农村部市场与信息化司、畜牧兽医局有关负责人31日表示，这轮猪价上涨是非洲猪瘟疫情与周期性因素叠加的结果，当前肉类供应有保障，生猪生产将逐步恢复。（新华网）\\2019年炫富单品猪肉
最近段子讲，现在买块猪肉都 不用塑料袋装了，用手拿着炫富，鸡蛋也快吃不起了。,1
最近吃猪肉的一律按炫富处理,1,comment:@人民网 【农业农村部回应猪肉价格上涨：生猪生产将逐步恢复】近期猪肉价格持续高位运行，受到各方高度关注。农业农村部市场与信息化司、畜牧兽医局有关负责人31日表示，这轮猪价上涨是非洲猪瘟疫情与周期性因素叠加的结果，当前肉类供应有保障，生猪生产将逐步恢复。（新华网）\\2019年炫富单品猪肉
说最近，“猪肉价格”成了热搜常客，晒猪肉成了炫富新模式。难道以后真的吃不起猪肉了？,1
随着猪肉涨价，以后炫富会不会要养猪当宠物,1
时装周2019年最新爆款，中国风中透着一股浓浓的豪门气息。最新的炫富方式不再是驴牌包包，而是我不仅吃的起猪肉还披着一身猪肉。 ​,1,comment:@人民网 【农业农村部回应猪肉价格上涨：生猪生产将逐步恢复】近期猪肉价格持续高位运行，受到各方高度关注。农业农村部市场与信息化司、畜牧兽医局有关负责人31日表示，这轮猪价上涨是非洲猪瘟疫情与周期性因素叠加的结果，当前肉类供应有保障，生猪生产将逐步恢复。（新华网）\\2019年炫富单品猪肉
做梦也没有想到有一天会有人在微博上用猪肉炫富…… ​,1,comment:@人民网 【农业农村部回应猪肉价格上涨：生猪生产将逐步恢复】近期猪肉价格持续高位运行，受到各方高度关注。农业农村部市场与信息化司、畜牧兽医局有关负责人31日表示，这轮猪价上涨是非洲猪瘟疫情与周期性因素叠加的结果，当前肉类供应有保障，生猪生产将逐步恢复。（新华网）\\2019年炫富单品猪肉
现在吃猪肉是不是属于炫富？养猪看来是个很有潜力的行业！以后会不会相亲时说，我家里还有两头猪，亲事就这么定了？ ​,1
听说猪肉涨价涨的很疯狂，我是不是可以炫炫富,1,comment:@人民网 【农业农村部回应猪肉价格上涨：生猪生产将逐步恢复】近期猪肉价格持续高位运行，受到各方高度关注。农业农村部市场与信息化司、畜牧兽医局有关负责人31日表示，这轮猪价上涨是非洲猪瘟疫情与周期性因素叠加的结果，当前肉类供应有保障，生猪生产将逐步恢复。（新华网）\\2019年炫富单品猪肉
80年代炫富靠三大件，90年代炫富靠小汽车，00年代炫富靠有套房，10年代炫富靠水果猪肉……人类的追求还真是越来越回归自然了…… ​,1
别人家的炫富是：你有AJ吗？你有卡西欧吗？你有纪梵希吗？你有……？厦门人的现在的炫富是：你们家吃得起猪肉吗？你们家炖得起排骨吗？你们家吃得起……？,1
真心希望能好起来，别真到吃猪肉炫富的程度,房市的冬天来了，产能过剩，追涨杀跌。
现在猪肉那么贵。我这个算不算炫富呀,1
请别在你的朋友圈发你在吃猪肉和苹果的图片，要不然我会以为你在炫富,1
现在朋友生日，送猪肉当礼物就是在炫富！,1
一线城市降了三年啦！竟然说首降，拿着国家的科研经费，写着猪狗不如的报告，房价的泡沫哪里有尼玛学历、论文和社科院报告泡沫大呀！一群废物,0
房市的冬天来了，产能过剩，追涨杀跌。,0
有时觉得挺讽刺，大部分人月薪几千块，但房价上万，买房要花掉一家所有的积蓄，背上二三十年的房贷，幸福指数直线下降,0
感觉这几年来，社会科学院没有发过一点有价值的东西，除了瞎蒙的就是错误的！几次房地产相关的报告都是如此，今年春天发的那份“养老金不够了”的报告更是可笑！,0
然后利率涨了 成本或许还高了,1
中国目前很难找到体量这么大的替代品。,0
重庆作为“准一线”，房价相对其他“准一线”本来也不算高，现在又跌那么凶。。。,0
江苏各城市新房房价排行！大盐城的房价高吗？,0
任由资本横行推高房价的代价谁都背不起，某城市就是实例。房价调控城市主体责任需落实。,0
这会可以不用开了，吃我家的用我家的，然后还瞧不起我，朝我吐口水？这几年感受太深刻了，炒高我们的物价、房价，占用我们的公共资源还瞧不起我们？水深火热都不足以形容海南人民的生活。对不起，真的不欢迎你们。,0
二哥语录：房价越来越高，所以，好男人越来越少…… ​,1
真怀念啊，多年以前，济南房价没这么高，猪肉也没有这么贵,1
还是那句话，高房价对价值观的冲击，那就是大家不再相信努力就可以过上好生活了。,0
这绝不是歧视钟点工，这是房地产政策下，导致了社会激励机制出现了问题。不仅仅是教授夫妇，各行各业的奋力拼搏都抵不上投机买房，拆迁分房。试问，这样的激励机制下，还有谁会愿意把时间精力花在有意义的工作或是创业上呢？钻营买房就可以了。,0
说的太对了，不管是大学教授，还是中科院院士，如果10年前不买房，现在一样和拆二代住隔壁，而且是花了一生积蓄。,0
哪个二线城市十年房价上涨2000%多？,1
这是地产时代，房价跟中国人开的一个玩笑，有点讽刺，有点黑色幽默，但无关对错无关价值，更无关阶层和身份。,0
职业没有高低贵贱只是存在于理想之中，简而言之，你会愿意去当清洁工吗？人人都想往上爬，这个“上”代表的是什么？不就是体面吗？,0
有什么不平衡的呢  钟点工能住地铁口的屈指可数吧  教授能买的起地铁口的房子一大把吧  你拿个别的来比较不是找不自在么  明天你隔壁来了个中彩票买房的 你不得气死,0
教授只是在一某方面达到教授水平，可能其他方面并不一定达到教授水平。其实和钟点工住在一起有其优势，他们可以就近照顾，是好帮手。人老了，需要人照顾。,0
综合起来，教授比钟点工差，这才是最伟大的时代。最差的人成了教授，这个社会就会跟房价一样，进步飞快。,0
老婆公司，广州10套房子，中午做煮饭阿姨！因为钱太多，无聊才随便找点事做！,1
只看到钱了？那说明你这个书真的白读了,0
说明这个教授很肤浅，没有反思一下自己为啥没有跟马云住在一个小区,1
钟点工能屈能伸，教授陷入想不通的圈圈里，在就是眼界不在乎文凭高低。,0
这就是时间的价值,0
只考虑经济的话，你用钱投资念书当教授了，人家当年投资房产了。有什么不平衡的,0
就是，教授也是劳动者，钟点工也是劳动者，住在隔壁有啥心里不平衡的？只有中科院院士和挑粪工住隔壁而心里坦然，这个社会才是真的平等社会,0
感觉这样是收入公平的体现,0
中产阶级是个很有趣的存在，资本家为了安抚部分城市中有思想有能力却没有生产工具和生产资料的人，给他们高于普通无产者的工资让其安分，其实抗风险能力最低，不像无产阶级，要么没什么可失去的，要么在农村自给自足，所以所谓中产阶级会追求逼格，格调，过所谓小资生活来区分自己和无产者。,0
如果隔壁那对夫妇再告诉教授夫妇，他们10年前中了五百万的大奖，另外还有12套房子。教授岂不是要呕血，上楼顶去跳吧,0
这对教授衡量幸福的标准层次比较低。所以得出错误结论，也让自己的本来高尚愉快的人生变得贬值了,0
因为房价贵呀！人家钟点工为还房贷过年都得工作，你一个教师平时懒散惯了，谁让你不多挣外快。,0
一分为二，中国人心中尊卑观念太深做到人人平等路漫漫，房价高人人急功近利经济何去何从。作为吃瓜群众感慨下继续搬砖,0
难得看到一篇歪曲价值三观的文章先不说啥，以之为镜深刻反思,1
透过现象看本质，讽刺的不是高低贵贱，而是知识创造的社会价值已经不如炒房的人了,1
教授这种对比、思维我担心误人子弟,0
作者明显阶级歧视，打心里就看不起体力劳动者，钟点工就咋啦？钟点工就不该过好生活？他们不嫌脏不嫌累你行吗？你干嘛自己不干活要找钟点工了。,0
知识增值速度没有跑过房价。投资不论出身，钟点工躺赢房市。,0
高校教授贡献大于一般阶层人士？证据在哪里？,0
这挺好的，以前家里卫生就交给邻居了，又方便又放心。,0
这教授的疑惑有道理！但他肯定不是教经济学的。,0
教授别太把自己当回事，还想划分阶级还是咋的？这一点上比不上资本主义，欧美会教育你不要看不起蓝领，水管工收入比大部分教授收入高，而且很有可能高一倍还多，但是谁也没瞧不起谁，各自相安。,0
高校教授这么想问题 那也就可以理解他为什么这么想问题了,0
这正是这个时代的伟大之处呀，这个教授的酸腐优越感才是沉渣。,0
大学教授现在不是骂人的词儿吧？,0
千万别瞧不起人家干钟点工的，很多情况只是太闲了找点事做，不代表他们家穷，之前认识一个银行门口的保安大爷，家里有一栋楼收租，给儿子买车都是宝马，就是家里待不住才出来找事做。,0
房子再跌回三十多万，教授死的心都有了,0
说明社会有活力。,0
钟点工十多年前攒的下30W也很nb啊,0
人家工作的时候，你还在上学。你有什么权利哔哔人家，还说没有什么之分，可是从你的文字中看出来了，你看不上的底层工作者。狗眼看人低的家伙……,0
不能这么讲，100个教授和100个钟点工，你对比一下他们的生活条件呢？个例不足以说明问题。,0
人活的就是心态端正了健康快乐！否则活着累！把自己当做神仙了，其实就是肉胎凡夫！,0
为什么和钟点工住在一起，因为教授和钟点工的人生格局一样，就是买房。,1
这不是地产原因，而且投资眼光的原因，也是对那些坚定相信我国会繁荣昌盛的一种回报，甚或者是他们祖辈付出的回报,0
编，继续编，哪个二线城市房价十年上涨2000%多？继续编,0
这不是社会的悲哀也不是现实的残酷。这是投资理财眼光的差别。如果现在教授角度，其实就是缺乏投资理财的长远眼光。如果现在小时工角度看，其实就是赌了一把住房投资。只是人家赌对了而已。这条新闻明显有带节奏嫌疑。,0
在杭州 一个扫地的都特么比你有钱，瞧不起谁呢,0
房价透支了不少家庭未来的消费能力早已勿庸置疑，很多家庭为了在城里买上一套房子，不仅耗尽了所有的储蓄存款，而且还把未来几十年的收入给透支殆尽。,0
房价高对消费的挤占今年比较明显了，汽车和手机的消费都明显下降。,0
高房价、房贷、奶粉钱使80、90后的中产梦破灭，负债累累。。。。。真可怜呐，还是计划经济好哇！！！！,0
那个视频不忍再看第二遍。香港房价太高，但这次的李姐反而都是中产，越是底层人民越是爱国越是被伤害。 ​,0
杨伟民直言，当下通过拆迁解决城中村的办法，成本太高。“北京现在也拆不起，如果这么拆下去，深圳的房价越来越高，我觉得高房价是未来深圳发展的大敌，所以一定不能给全国做高房价的示范”,0
江苏各城新房的均价，这么看好像不怎么高,0
事实胜于雄辩。这二十年房地产越调控，房价越高。因为盖得少。将来还会这样,1
当房价涨到足够高的时候，普通人是没有机会再获得此生产资料，市场会以租房为主导,0
家真的很累，中介费真的很贵，房价也越来越高，想象中的大阳台和落地窗仿佛在天边，什么时候才能从生存变成生活… ​,0
看看聪明人是如何应对房价虚高与次贷危机，我茅塞顿开，也想这么干，但是已经错过机会了！因为放到现在，银行在房价虚高的情况下，二手房不可能再给我贷出那么多款了！,0
深圳房价超过北京，调高豪宅限制。,0
08年金融危机，中央也是往房地产业砸了300亿才保住郭嘉不受影响，但同时也留下房价虚高这个隐患，但不管咋说，总归是利大,0
抱怨房价高的这些人，即便是房价低的时候，也不会吟诵诗歌、结伴旅行、开读书会。我跟你赌五毛钱，要是没有房价的压力，你会找一个阳光很好的周末，看剧、吃零食、打游戏、约朋友搓麻将，同时不忘了吐槽一下读书旅行吟诵诗歌的人：看，他又在装逼！ ​,0
始作俑者不是地产商，而是党内政府内高层汉奸卖国贼，假改革之名，与国外敌对势力、金融资本里应外合，以粮食安全为借口，垄断土地，制造虚高地价房价地租房租，制造超级地租，祸国殃民!党和国家应该对这些汉奸卖国贼进行清算。,0
特别心塞，对于我们这种在底层的的打工一族来说，存钱的速度永远赶不上物价房价上涨的速度。 ,0
真正的诗和远方，成本很低。只需要兴趣，热情和坚持。而这些，都不需要付费。读书，修行，追求精神富庶，你没那么做，不是因为房价高，是因为你懒。你压根从来就没有过诗和远方。这个锅，不能让房价背。,0
他要一直正增长，废青就很难受，房价这么高，经济增长这么慢。折腾完了，负增长了以后，然后我们收拾一下烂摊子，不在负增长了。废青说不定就觉得好幸福了。。。幸福就是对比出来的 ​,0
国足惨输叙利亚！是因为房价太高！里皮气炸了，当场辞职！,0
这个数额太大了，感觉我不配参与做不了什么贡献了,0
买房此等大事，岂是我小女子所能考虑的？ ,0
房价虚高，看来不良中介作用不小啊,1
北京的房价，偏远的地方都两万多了，但不是有钱就能买。北京房价高，来自全国各地的人进京买房功不可没，根源在于全国人民都想拥有北京的房子，买家来自全国各地。,0
因为房价居高不下，绝大多数人被赶出中央商业区，往往依靠私人轿车或公共交通来满足上下班需求,0
三亚 来这频繁出差了一年多 还是没想通这么土脏乱的地方 怎么成为旅游圣地的 怎么房价那么高的 只能说 中国人 真厉害 真有钱 ​,1
房价涨的太高，太快，都买不起，又不肯降价，只能减少供应挺价,0
除了房价、房租高之外。在北京的生活幸福指数还是最高的,0
香港这么闹的问题在哪啊？房价太高？生活压力太大？,0
禽流感还记得不，鸡蛋不值钱，没人吃，这次猪瘟没人吃，却涨价了。,0
精瘦肉从38降到28了，普通肉24-25买的到。降了挺多了，以后会回归合理价位的。,0
现实中被人糙多了可以选择报警，不要在网络上刷存在感。,0
房价涨的飞快但也有个过程，是三到五年价格翻倍，而猪肉是可见的一天一个价，从11～13到昨儿菜市场刚问的33一斤（坐标中部某省会旁边的小城市）。另外，拿猪肉和房价比没啥可比性，房价上涨并不是说没房子住了，只是改善性购房成本更高，而猪肉涨了是生活水平的全线下降,0
苹果呀！！今年上半年好贵真的都不舍得吃，现在降价得太便宜了又不想吃了哈哈哈,1
我们成都这边卖猪肉的师傅都说不会降到以前了,0
苹果现在都降到两块钱一斤了，怎么不会回落,1
其实适当涨一点我能理解，但是有些平时100直接涨到六七百就过分,0
哎，太贵了，坐地起价，考点附近超贵,0
政府宏观调控是可以的呀,0
需求导致价格上涨，这是符合可观经济规律的，房间就这么多，要住的人那么多，这就是谁给钱高就谁住。,0
懂了说市场经济的人，是没听说过宏观调控吧？另外知道最高限价，最低限价吗？,0
啥都要政府干预，这是市场经济。别动不动叫政府出面,0
资本家就是个笑话,0
还是很庆幸能生在这个年代的中国 除了房价高了点其他都还是很好的非常好,0
这对教授衡量幸福的标准层次比较低。所以得出错误结论，也让自己的本来高尚愉快的人生变得贬值了,0
因为房价贵呀！人家钟点工为还房贷过年都得工作，你一个教师平时懒散惯了，谁让你不多挣外快。,0
一分为二，中国人心中尊卑观念太深做到人人平等路漫漫，房价高人人急功近利经济何去何从。作为吃瓜群众感慨下继续搬砖,0
是我太久没买衣服了吗？不知道现在物价上涨的那么厉害？天气转冷，想去买两件卫衣来晚上跑步穿，打开淘宝，全都是几百块钱一件的。。。。默默的关掉,0
涨价也不是一夜之间涨那么多的，回落也是有个过程，希望过年的时候能吃上十几块的猪肉,0
从33掉到25不算回落吗？不可能一下子掉回去的,0
蛮大的，我挺知足了，我们这下午已经可以买到20块钱一斤的后腿肉，,0
回落有时间 哪有那么快到处都是猪肉  哪个喊你不善待猪猪,1
禽流感还记得不，鸡蛋不值钱，没人吃，这次猪瘟没人吃，却涨价了。,0